,RegionName,City,State,Metro,CountyName,SizeRank,2011-11,2011-12,2012-01,2012-02,2012-03,2012-04,2012-05,2012-06,2012-07,2012-08,2012-09,2012-10,2012-11,2012-12,2013-01,2013-02,2013-03,2013-04,2013-05,2013-06,2013-07,2013-08,2013-09,2013-10,2013-11,2013-12,2014-01,2014-02,2014-03,2014-04,2014-05,2014-06,2014-07,2014-08,2014-09,2014-10,2014-11,2014-12,2015-01,2015-02,2015-03,2015-04,2015-05,2015-06,2015-07,2015-08,2015-09,2015-10,2015-11,2015-12,2016-01,2016-02,2016-03,2016-04,2016-05,2016-06,2016-07,2016-08,2016-09,2016-10,2016-11,2016-12,2017-01,2017-02,2017-03,2017-04,2017-05,2017-06,2017-07,2017-08,2017-09,2017-10,2017-11,2017-12,2018-01,2018-02,2018-03,2018-04,2018-05,2018-06,2018-07,2018-08,%_increase
0,10025,New York,NY,"New York, NY",New York,1,1900.0,1900.0,1895.0,1900.0,1875.0,1900.0,1900.0,1900.0,1900.0,2000.0,2000.0,2100.0,2150.0,2095.0,2000.0,2100.0,2150.0,2100.0,2195.0,2145.0,1995.0,2100.0,2200.0,2200.0,2275.0,2300.0,2300.0,2250.0,2250.0,2250.0,2300.0,2250.0,2450.0,2325.0,2395.0,2350.0,2395.0,2495.0,2400.0,2400.0,2500.0,2505.0,2510.0,2600.0,2500.0,2600.0,2600.0,2700.0,2702.5,2649.0,2550.0,2600.0,2662.5,2650.0,2600.0,2597.5,2505.0,2400.0,2588.0,2600.0,2550.0,2389.5,2500.0,2500.0,2625.0,2600.0,2595.0,2550.0,2547.0,2540.5,2550.0,2500.0,2500.0,2618.0,2600.0,2600.0,2695.0,2625.0,2650.0,2700.0,2659.5,2450.0,28.94736842105263
1,10023,New York,NY,"New York, NY",New York,3,2295.0,2200.0,2292.5,2295.0,2200.0,2245.0,2250.0,2235.0,2275.0,2299.0,2300.0,2350.0,2320.0,2300.0,2245.0,2200.0,2200.0,2200.0,2201.0,2300.0,2229.0,2250.0,2350.0,2300.0,2300.0,2355.0,2350.0,2395.0,2380.0,2332.0,2300.0,2400.0,2649.0,2695.0,2750.0,2840.0,2700.0,2700.0,2771.0,2771.0,2810.0,2862.5,2915.0,2900.0,2871.5,2771.0,2900.0,2897.5,2900.0,2850.0,2896.5,2925.0,2900.0,2900.0,2780.0,2737.5,2850.0,2650.0,2621.5,2662.5,2650.0,2600.0,2800.0,2800.0,2800.0,2800.0,2800.0,2750.0,2800.0,2760.0,2750.0,2780.0,2800.0,2800.0,2893.0,2900.0,2800.0,2800.0,2850.0,2800.0,2770.0,2695.0,17.429193899782135
2,10002,New York,NY,"New York, NY",New York,6,,,,,,,,,,,,,,,,,,,,,,,,,,,,,,,,,,,,,,,,2750.0,2472.5,2375.0,2400.0,2750.0,2500.0,2500.0,2670.0,2597.5,2500.0,2495.0,2575.0,2690.0,2500.0,2400.0,2300.0,2495.0,2250.0,2295.0,2495.0,2300.0,2200.0,2195.0,2300.0,2600.0,2500.0,2500.0,2495.0,2300.0,2390.0,2450.0,2355.0,2287.5,2202.5,2400.0,2272.5,2199.0,2199.5,2227.5,2500.0,2500.0,2295.0,2312.5,
3,11226,New York,NY,"New York, NY",Kings,10,,,,,,,,,,,,,,,,,,,,,,,1525.0,1425.0,1395.0,1375.0,1375.0,1395.0,1375.0,1350.0,1450.0,1400.0,1400.0,1400.0,1450.0,1499.0,1500.0,1475.0,1450.0,1475.0,1450.0,1450.0,1400.0,1400.0,1400.0,1512.5,1550.0,1600.0,1625.0,1475.0,1525.0,1550.0,1600.0,1650.0,1700.0,1662.5,1750.0,1675.0,1750.0,1650.0,1775.0,1550.0,1550.0,1550.0,1500.0,1482.5,1512.5,1597.5,1550.0,1500.0,1550.0,1500.0,1500.0,1500.0,1597.0,1550.0,1525.0,1525.0,1550.0,1550.0,1645.0,1600.0,
4,11375,New York,NY,"New York, NY",Queens,11,1325.0,1300.0,1300.0,1325.0,1337.5,1350.0,1350.0,1400.0,1400.0,1400.0,1395.0,1397.5,1395.0,1397.5,1350.0,1425.0,1395.0,1400.0,1425.0,1425.0,1425.0,1450.0,1475.0,1500.0,1500.0,1500.0,1450.0,1450.0,1430.0,1450.0,1550.0,1500.0,1550.0,1550.0,1550.0,1525.0,1525.0,1500.0,1500.0,1550.0,1500.0,1500.0,1500.0,1550.0,1555.0,1600.0,1600.0,1625.0,1650.0,1650.0,1600.0,1600.0,1600.0,1625.0,1599.0,1595.0,1695.0,1600.0,1625.0,1600.0,1600.0,1550.0,1595.0,1600.0,1600.0,1625.0,1687.5,1700.0,1675.0,1675.0,1700.0,1675.0,1695.0,1695.0,1690.0,1725.0,1800.0,1800.0,1795.0,1785.0,1695.0,1925.0,45.283018867924525
5,10016,New York,NY,"New York, NY",New York,12,2300.0,2275.0,2299.5,2300.0,2300.0,2295.0,2300.0,2360.0,2325.0,2300.0,2250.0,2250.0,2250.0,2295.0,2300.0,2250.0,2300.0,2300.0,2300.0,2300.0,2300.0,2300.0,2300.0,2300.0,2300.0,2300.0,2350.0,2395.0,2350.0,2350.0,2400.0,2400.0,2600.0,2550.0,2565.0,2550.0,2595.0,2595.0,2699.0,2640.0,2700.0,2733.0,2748.5,2650.0,2602.5,2672.5,2700.0,2700.0,2700.0,2700.0,2700.0,2748.5,2698.0,2625.0,2650.0,2595.0,2595.0,2500.0,2500.0,2500.0,2550.0,2450.0,2500.0,2603.5,2705.0,2795.0,2875.0,2825.0,2799.5,2698.0,2650.0,2675.0,2621.0,2695.0,2750.0,2750.0,2787.5,2795.0,2800.0,2775.0,2775.0,2750.0,19.565217391304348
6,11235,New York,NY,"New York, NY",Kings,13,,,,,,,,,,,,,,,,,,,,,,,,,,,,,,,,,,,,,,,,,,,,,,,,,,,,,1750.0,1650.0,1550.0,1525.0,1500.0,1475.0,1550.0,1550.0,1550.0,1550.0,1550.0,1550.0,1665.0,1600.0,1550.0,1600.0,1749.0,1700.0,1697.0,1649.5,1750.0,1700.0,1695.0,1550.0,1650.0,1699.5,1700.0,1632.5,1695.0,1725.0,
7,10009,New York,NY,"New York, NY",New York,14,1900.0,1900.0,1925.0,1925.0,1900.0,1950.0,1950.0,1975.0,1950.0,1975.0,2000.0,1999.0,1990.0,1975.0,1990.0,1992.5,1975.0,1940.0,1950.0,1975.0,1975.0,1995.0,2000.0,2000.0,2000.0,2050.0,2070.0,2095.0,2100.0,2075.0,2100.0,2100.0,2100.0,2050.0,2100.0,2025.0,2050.0,2057.5,2300.0,2400.0,2050.0,2100.0,2100.0,2095.0,2100.0,2100.0,2100.0,2100.0,2100.0,2100.0,2100.0,2150.0,2100.0,2100.0,2200.0,2100.0,2100.0,2175.0,2100.0,2100.0,2145.0,2000.0,2150.0,2195.0,2197.5,2175.0,2195.0,2200.0,2200.0,2190.0,2150.0,2110.0,2050.0,2100.0,2100.0,2100.0,2136.0,2150.0,2199.0,2195.0,2150.0,2200.0,15.789473684210526
8,10029,New York,NY,"New York, NY",New York,15,,,,,,,,,,,,,,,,,,2000.0,2325.0,2375.0,2350.0,2550.0,2600.0,2600.0,2500.0,2600.0,2600.0,2575.0,2400.0,2350.0,2650.0,2650.0,2772.5,2800.0,2800.0,2800.0,2762.5,2800.0,2800.0,2800.0,2750.0,2750.0,2812.5,2800.0,2800.0,2800.0,2750.0,2800.0,2800.0,2775.0,2750.0,2750.0,2800.0,2800.0,2800.0,2800.0,2800.0,2850.0,2850.0,2850.0,2800.0,2825.0,2800.0,2725.0,2700.0,2700.0,2700.0,2800.0,2759.5,2800.0,2750.0,2750.0,2800.0,2800.0,2750.0,2775.0,2800.0,2750.0,2800.0,2812.5,2800.0,2750.0,
9,10128,New York,NY,"New York, NY",New York,16,1950.0,1900.0,1875.0,1862.5,1850.0,1850.0,1875.0,1875.0,1850.0,1850.0,1850.0,1850.0,1847.0,1875.0,1875.0,1850.0,1850.0,1850.0,1845.0,1850.0,1850.0,1879.0,1899.5,1900.0,1900.0,1900.0,1900.0,1900.0,1900.0,1900.0,1900.0,1900.0,1925.0,1949.0,1949.0,1995.0,1950.0,1925.0,2000.0,2000.0,2125.0,2100.0,1995.0,2000.0,2050.0,2050.0,2050.0,2095.0,2037.5,2012.5,2050.0,2072.5,2072.0,1995.0,1975.0,1965.0,1950.0,1965.0,1965.0,2050.0,1950.0,1925.0,2000.0,2000.0,2050.0,2062.5,2075.0,2100.0,2137.5,2095.0,2050.0,2077.5,2150.0,2250.0,2249.0,2150.0,2175.0,2200.0,2179.0,2150.0,2150.0,2137.5,9.615384615384615
10,10011,New York,NY,"New York, NY",New York,17,2500.0,2500.0,2490.0,2495.0,2400.0,2450.0,2600.0,2597.5,2650.0,2625.0,2595.0,2500.0,2495.0,2495.0,2475.0,2495.0,2499.0,2500.0,2495.0,2500.0,2500.0,2550.0,2525.0,2500.5,2500.0,2550.0,2500.0,2500.0,2500.0,2500.0,2525.0,2699.5,2900.0,2850.0,2900.0,2925.0,2850.0,2900.0,2900.0,2850.0,2900.0,2950.0,3000.0,2995.0,2995.0,2950.0,2995.0,2985.0,2850.0,2900.0,2900.0,2900.0,2950.0,2925.0,2850.0,2850.0,2950.0,2937.5,2700.0,2850.0,2797.5,2750.0,2850.0,2904.0,2895.0,2950.0,2950.0,2950.0,2950.0,2950.0,2925.0,2865.0,2900.0,2860.0,2850.0,2850.0,2895.0,2900.0,2900.0,2950.0,2950.0,2950.0,18.0
11,10003,New York,NY,"New York, NY",New York,22,2495.0,2350.0,2375.0,2495.0,2475.0,2495.0,2495.0,2492.5,2495.0,2450.0,2500.0,2500.0,2500.0,2500.0,2500.0,2500.0,2500.0,2500.0,2500.0,2500.0,2500.0,2500.0,2575.0,2595.0,2595.0,2600.0,2595.0,2600.0,2599.0,2595.0,2598.5,2575.0,2695.0,2650.0,2622.5,2685.0,2700.0,2600.0,2695.0,2700.0,2650.0,2700.0,2700.0,2650.0,2695.0,2685.0,2750.0,2725.0,2700.0,2750.0,2700.0,2700.0,2700.0,2697.5,2675.0,2650.0,2695.0,2612.5,2650.0,2695.0,2662.5,2600.0,2650.0,2700.0,2730.5,2743.0,2695.0,2650.0,2695.0,2650.0,2695.0,2675.0,2662.5,2675.0,2700.0,2725.0,2800.0,2800.0,2700.0,2800.0,2750.0,2695.0,8.016032064128256
12,11209,New York,NY,"New York, NY",Kings,30,,1100.0,1100.0,1175.0,1200.0,1200.0,1200.0,1225.0,1200.0,1200.0,1300.0,1350.0,1350.0,1340.0,1340.0,1350.0,1350.0,1450.0,1400.0,1385.0,1385.0,1425.0,1450.0,1337.5,1300.0,1350.0,1300.0,1300.0,1300.0,1299.0,1300.0,1395.0,1400.0,1395.0,1375.0,1350.0,1350.0,1325.0,1350.0,1375.0,1380.0,1400.0,1400.0,1475.0,1500.0,1500.0,1695.0,1600.0,1500.0,1500.0,1500.0,1495.0,1450.0,1450.0,1500.0,1525.0,1600.0,1495.0,1550.0,1525.0,1642.0,1550.0,1595.0,1650.0,1525.0,1550.0,1500.0,1697.5,1700.0,1500.0,1500.0,1450.0,1500.0,1450.0,1650.0,1605.0,1575.0,1497.5,1672.5,1695.0,1750.0,1725.0,
13,11201,New York,NY,"New York, NY",Kings,31,,,2200.0,2225.0,2200.0,2200.0,2159.0,2167.5,2200.0,2250.0,2275.0,2285.0,2300.0,2300.0,2300.0,2285.0,2267.5,2250.0,2200.0,2275.0,2330.0,2350.0,2395.0,2368.5,2355.0,2352.0,2300.0,2350.0,2300.0,2300.0,2350.0,2375.0,2355.0,2373.0,2400.0,2425.0,2451.0,2380.0,2397.0,2475.0,2540.0,2575.0,2565.0,2495.0,2550.0,2550.0,2595.0,2600.0,2600.0,2607.5,2645.0,2625.0,2550.0,2547.5,2500.0,2540.0,2550.0,2600.0,2602.5,2500.0,2515.0,2495.0,2457.5,2650.0,2595.0,2575.0,2575.0,2567.0,2600.0,2620.0,2650.0,2595.0,2492.0,2500.0,2562.0,2542.0,2564.0,2543.0,2584.0,2666.0,2715.0,2704.0,
14,10024,New York,NY,"New York, NY",New York,34,2095.0,2100.0,2025.0,2050.0,2100.0,2100.0,2100.0,2100.0,2100.0,2150.0,2150.0,2195.0,2195.0,2150.0,2155.0,2150.0,2150.0,2150.0,2151.0,2175.0,2150.0,2145.0,2195.0,2200.0,2200.0,2200.0,2200.0,2200.0,2200.0,2200.0,2200.0,2200.0,2302.5,2250.0,2300.0,2295.0,2295.0,2280.0,2300.0,2268.5,2250.0,2320.0,2350.0,2395.0,2450.0,2395.0,2350.0,2350.0,2300.0,2297.5,2300.0,2350.0,2295.0,2300.0,2350.0,2335.0,2200.0,2250.0,2295.0,2295.0,2299.0,2242.5,2250.0,2300.0,2295.0,2275.0,2350.0,2350.0,2383.0,2395.0,2350.0,2300.0,2310.0,2397.5,2330.0,2350.0,2395.0,2400.0,2450.0,2400.0,2437.5,2397.5,14.439140811455847
15,11214,New York,NY,"New York, NY",Kings,37,,,,,,,,,,,,,,,,,,,,,,,,,,,,,,,,,,,,,,,,,,,,,,,,,,,,,,1900.0,1800.0,1800.0,1600.0,1825.0,1700.0,1700.0,1900.0,1800.0,1900.0,1850.0,1800.0,1800.0,1700.0,1750.0,1837.5,2025.0,2000.0,1800.0,1750.0,1750.0,1750.0,1787.5,1875.0,1900.0,2000.0,2000.0,1950.0,1800.0,
16,11234,New York,NY,"New York, NY",Kings,43,,,,,,,,,,,,,,,,,,,,,,,,,,,,,,,,,,,,,,,,,,,,,,,,,,,,,,,,,,,,,,,1800.0,2100.0,2000.0,1900.0,1750.0,1800.0,1800.0,2000.0,2299.5,2000.0,2100.0,1800.0,2050.0,2000.0,2000.0,2000.0,2250.0,2000.0,2000.0,1950.0,
17,10019,New York,NY,"New York, NY",New York,44,2500.0,2497.5,2500.0,2540.0,2500.0,2500.0,2604.5,2562.5,2600.0,2666.5,2664.0,2700.0,2700.0,2700.0,2653.0,2600.0,2595.0,2594.0,2550.0,2550.0,2550.0,2527.5,2527.5,2500.0,2566.0,2550.0,2550.0,2550.0,2585.0,2550.0,2595.0,2650.0,2869.0,2900.0,2900.0,2870.0,2851.0,2850.5,2906.0,2970.0,2963.0,3000.0,3000.0,3000.0,3000.0,3000.0,3020.0,2995.0,2950.0,2960.0,2925.0,3000.0,3000.0,2952.5,2900.0,2850.5,2840.0,2895.0,2800.0,2850.0,2921.5,2773.0,2866.0,2940.0,2950.0,2950.0,2995.0,3000.0,3000.0,2952.5,2950.0,2921.5,2871.0,2900.0,2880.0,2900.0,2925.0,2900.5,3000.0,2995.0,3000.0,3010.0,20.4
18,11355,New York,NY,"New York, NY",Queens,48,1253.0,1350.0,1300.0,1367.0,1400.0,1300.0,1300.0,1237.5,1199.5,1200.0,1237.5,1250.0,1250.0,1300.0,1300.0,1300.0,1287.5,1300.0,1297.5,1325.0,1400.0,1350.0,1350.0,1295.0,1295.0,1297.5,1350.0,1325.0,1325.0,1300.0,1395.0,1450.0,1500.0,1500.0,1400.0,1400.0,1400.0,1450.0,1450.0,1450.0,1450.0,1450.0,1425.0,1450.0,1450.0,1475.0,1450.0,1450.0,1400.0,1400.0,1500.0,1450.0,1450.0,1500.0,1700.0,1500.0,1650.0,1425.0,1575.0,1530.0,1650.0,1600.0,1500.0,1542.0,1600.0,1550.0,1575.0,1700.0,1800.0,1725.0,1700.0,1700.0,1650.0,1700.0,1725.0,1700.0,1700.0,1950.0,2100.0,2050.0,1950.0,1900.0,51.63607342378292
19,11215,New York,NY,"New York, NY",Kings,52,,,,,,,,,,,,,,,,,,,,,,,,,,,,,,,,,,,,,2600.0,2650.0,2600.0,2400.0,2300.0,2200.0,2200.0,2495.0,2500.0,2550.0,2400.0,2400.0,2600.0,2500.0,2300.0,2399.0,2400.0,2395.0,2200.0,2200.0,2250.0,2154.0,2100.0,2050.0,2400.0,2300.0,2195.0,2330.0,2281.0,2225.0,2350.0,2695.0,2500.0,2550.0,2600.0,2372.5,2300.0,2300.0,2500.0,2369.0,2300.0,2250.0,2200.0,2225.0,2200.0,2400.0,
20,11221,New York,NY,"New York, NY",Kings,53,1435.0,1450.0,1350.0,1450.0,1520.0,1400.0,1500.0,1600.0,1595.0,1500.0,1450.0,1450.0,1450.0,1450.0,1450.0,1550.0,1650.0,1650.0,1700.0,1750.0,1800.0,1900.0,1950.0,2000.0,1850.0,1875.0,1900.0,1950.0,1900.0,1900.0,1900.0,1932.5,2000.0,2100.0,2100.0,2100.0,2199.0,2050.0,2100.0,2000.0,2100.0,2200.0,2200.0,2199.0,2200.0,2200.0,2299.0,2300.0,2300.0,2350.0,2300.0,2247.5,2200.0,2225.0,2200.0,2300.0,2400.0,2385.0,2397.0,2200.0,2250.0,1895.0,1800.0,1724.5,1700.0,1800.0,1795.0,1800.0,1897.5,2000.0,1950.0,1950.0,1950.0,1950.0,2000.0,1800.0,1800.0,1850.0,2000.0,2175.0,1999.5,2000.0,39.37282229965157
21,11211,New York,NY,"New York, NY",Kings,60,2250.0,2400.0,2600.0,2224.5,2400.0,2600.0,2650.0,2600.0,2600.0,2450.0,2450.0,2450.0,2600.0,2525.0,2583.0,2538.0,2400.0,2300.0,2500.0,2665.0,2625.0,2595.0,2575.0,2600.0,2725.0,2595.0,2650.0,2602.5,2600.0,2595.0,2595.0,2595.0,2570.0,2600.0,2655.0,2695.0,2600.0,2650.0,2650.0,2650.0,2700.0,2720.0,2810.0,2845.0,2915.0,2949.0,2900.0,2875.0,2875.0,2850.0,2875.0,2766.5,2700.0,2840.0,2700.0,2700.0,2715.0,2800.0,2750.0,2836.0,2811.0,2500.0,2626.0,2750.0,2650.0,2650.0,2685.0,2800.0,2799.0,2855.0,2826.0,2795.0,2795.0,2830.0,2745.0,2745.0,2710.0,2750.0,2750.0,2692.5,2750.0,2790.0,24.0
22,11373,New York,NY,"New York, NY",Queens,61,1195.0,1195.0,1225.0,1225.0,1225.0,1225.0,1220.0,1250.0,1250.0,1252.5,1275.0,1275.0,1250.0,1250.0,1250.0,1250.0,1250.0,1250.0,1295.0,1300.0,1350.0,1350.0,1350.0,1300.0,1345.0,1345.0,1345.0,1350.0,1350.0,1350.0,1362.0,1362.5,1375.0,1345.0,1400.0,1350.0,1350.0,1450.0,1450.0,1450.0,1450.0,1470.0,1450.0,1450.0,1450.0,1500.0,1525.0,1500.0,1550.0,1550.0,1550.0,1550.0,1550.0,1550.0,1559.5,1562.5,1562.5,1650.0,1650.0,1495.0,1600.0,1600.0,1597.5,1505.0,1550.0,1495.0,1470.0,1475.0,1587.5,1490.0,1499.0,1487.5,1470.0,1472.5,1550.0,1650.0,1605.0,1512.0,1475.0,1500.0,1581.0,1600.0,33.89121338912134
23,11385,New York,NY,"New York, NY",Queens,61,,,,,,,,,,1550.0,1475.0,1500.0,1500.0,1500.0,1500.0,1500.0,1550.0,1550.0,1595.0,1650.0,1650.0,1650.0,1687.5,1625.0,1700.0,1662.5,1600.0,1500.0,1500.0,1500.0,1700.0,1750.0,1750.0,1750.0,1887.0,1800.0,1925.0,2000.0,2000.0,1800.0,2000.0,2000.0,2000.0,2000.0,2075.0,2000.0,2000.0,2000.0,2000.0,2200.0,2200.0,2350.0,2199.5,2200.0,2200.0,2295.0,2300.0,2350.0,2200.0,2174.5,2299.0,2100.0,2000.0,2100.0,2100.0,2200.0,2162.5,2200.0,2150.0,2000.0,2000.0,2100.0,2100.0,2150.0,2300.0,2000.0,2075.0,2000.0,2000.0,2000.0,2050.0,2100.0,
24,10028,New York,NY,"New York, NY",New York,66,1895.0,1875.0,1865.0,1850.0,1850.0,1850.0,1850.0,1875.0,1880.0,1895.0,1895.0,1925.0,1895.0,1875.0,1850.0,1825.0,1850.0,1850.0,1850.0,1875.0,1850.0,1885.0,1895.0,1900.0,1900.0,1900.0,1895.0,1900.0,1900.0,1900.0,1950.0,1975.0,2000.0,1995.0,1995.0,1995.0,1995.0,2050.0,2050.0,2000.0,2025.0,2050.0,2037.5,2095.0,2095.0,2095.0,2095.0,2100.0,2100.0,2050.0,2100.0,2100.0,2095.0,2050.0,1999.5,2037.5,2097.5,1995.0,1997.5,1995.0,2050.0,1950.0,2050.0,2100.0,2150.0,2140.0,2095.0,2150.0,2095.0,2095.0,2100.0,2050.0,1995.0,1995.0,2063.0,2095.0,2100.0,2095.0,2150.0,2125.0,2100.0,2100.0,10.817941952506596
25,10027,New York,NY,"New York, NY",New York,75,,,,,,,,,,,,,,,,,,,,,,,,,,,,,,,,,,,,,,,,,,,,,,,,,,,,,,,,,,,,,,,1995.0,2175.0,2047.5,2000.0,1850.0,1825.0,1850.0,2000.0,1797.5,1750.0,1737.5,2025.0,2100.0,2250.0,2147.5,2015.5,1950.0,1895.0,2025.0,2045.5,
26,10021,New York,NY,"New York, NY",New York,86,1900.0,1900.0,1895.0,1895.0,1895.0,1875.0,1850.0,1895.0,1875.0,1850.0,1850.0,1875.0,1875.0,1895.0,1895.0,1850.0,1850.0,1875.0,1850.0,1895.0,1850.0,1895.0,1900.0,1950.0,1958.0,1957.5,1950.0,1950.0,1950.0,1950.0,1950.0,1950.0,2095.0,2095.0,2075.0,2000.0,2095.0,2088.0,2200.0,2100.0,2150.0,2300.0,2200.0,2150.0,2150.0,2245.0,2245.0,2275.0,2150.0,2200.0,2225.0,2172.5,2400.0,2300.0,2350.0,2150.0,2100.0,2099.0,2095.0,2100.0,2062.5,1997.5,2095.0,2150.0,2200.0,2250.0,2290.0,2295.0,2275.0,2150.0,2250.0,2199.0,2200.0,2177.5,2104.0,2150.0,2150.0,2195.0,2250.0,2225.0,2200.0,2100.0,10.526315789473685
27,11208,New York,NY,"New York, NY",Kings,96,,,,,,,,,,,,,,,,,,,,,,,,,,,,,,,,,,,,,,,,,,,,,,,,,,,,,,,,,,,,,,,,,,,,2000.0,2025.0,2000.0,2200.0,2150.0,2100.0,2100.0,2100.0,2100.0,2100.0,2175.0,2125.0,2124.5,2325.0,2200.0,
28,11204,New York,NY,"New York, NY",Kings,106,,,,,,,,,,,,,,,,,,,,,,,,,,,,,,,,,,,,,,,,,,,,,,,,,,,,,,,,,,,,,,,,,,,,,,1950.0,1900.0,1800.0,1700.0,1775.0,1975.0,1800.0,1800.0,1600.0,1600.0,1775.0,1800.0,1950.0,
29,10032,New York,NY,"New York, NY",New York,108,,,,,,,,,,,,,,,,,,,,,,,,,,,,,,,,,,,,,,,,,,,,,,,,,,,,,,,,,,,,,,,1525.0,1525.0,1500.0,1550.0,1595.0,1600.0,1595.0,1550.0,1550.0,1597.0,1550.0,1527.5,1595.0,1595.0,1557.0,1620.0,1645.0,1645.0,1600.0,1600.0,
30,11225,New York,NY,"New York, NY",Kings,116,,,,,,,,,,,,,,,,,,,,,,,,,,,,,,,,,,,,,,,,,,,,,,,,,,,,,,,,,,,,,,,,,,,,,1700.0,1625.0,1725.0,1600.0,1590.0,1860.0,1650.0,1750.0,1650.0,1915.5,1750.0,1800.0,1725.0,1725.0,
31,11368,New York,NY,"New York, NY",Queens,118,,,,,,,,,,,,,,,,,,,,,,,,,,,,,,,,,,,,,,,,,,,,1400.0,1425.0,1437.5,1450.0,1450.0,1400.0,1395.0,1450.0,1450.0,1450.0,1490.0,1470.0,1500.0,1455.0,1500.0,1580.0,1580.0,1535.0,1761.5,1570.0,1550.0,1545.0,1545.0,1750.0,1600.0,1770.0,1600.0,1595.0,1580.0,1600.0,1600.0,1800.0,2000.0,1950.0,1605.0,1610.0,1750.0,1850.0,1800.0,
32,10031,New York,NY,"New York, NY",New York,128,,,,,,,,,,,,,,,,,,,,,,,,,,,,,,,,,,,,,,,,,,,,,,,,,,,,,,,,,,,,,,,1612.5,1657.5,1625.0,1680.0,1705.0,1699.0,1600.0,1599.0,1612.5,1625.0,1650.0,1600.0,1649.5,1750.0,1837.5,1725.0,1770.0,1750.0,1825.0,1850.0,
33,10014,New York,NY,"New York, NY",New York,140,2500.0,2540.0,2550.0,2550.0,2550.0,2600.0,2695.0,2595.0,2575.0,2550.0,2500.0,2550.0,2550.0,2595.0,2580.0,2537.5,2600.0,2600.0,2595.0,2650.0,2695.0,2650.0,2650.0,2670.0,2800.0,2850.0,2800.0,2800.0,2795.0,2700.0,2700.0,2750.0,2950.0,2935.0,3000.0,2995.0,2955.0,3050.0,3000.0,3050.0,3195.0,3195.0,3000.0,3000.0,3050.0,3000.0,3000.0,3187.5,3000.0,3000.0,3000.0,3140.0,3187.5,2997.5,3000.0,2995.0,2995.0,2955.0,2990.0,2972.5,3025.0,2850.0,3000.0,3000.0,3046.0,2992.5,2995.0,3000.0,3000.0,2995.0,2995.0,2995.0,2937.0,2952.5,2990.0,2995.0,3140.0,3200.0,3250.0,3150.0,3112.5,3210.0,28.4
34,11216,New York,NY,"New York, NY",Kings,148,,,,,,,,,,,,,,,,,,,,,,,,,,,,,,,,,,,,,,,,,,,,,,,,,,,,,,,,,,,,,,,1849.0,1800.0,1800.0,1687.5,1652.5,1700.0,1699.5,1700.0,1735.0,1910.0,1872.5,1850.0,1995.0,1798.0,1850.0,1800.0,1850.0,1787.0,1800.0,1950.0,
35,11354,New York,NY,"New York, NY",Queens,181,,,,,,,,,,,,,,,,,,,,,,,,,,,,,,,,,,,,,,,,,,,,,,,,,,,,,,,,,,,,,,,,,,,,,2200.0,2250.0,2237.5,2200.0,2200.0,2200.0,2200.0,2300.0,2200.0,2200.0,2200.0,2100.0,2300.0,2300.0,
36,11374,New York,NY,"New York, NY",Queens,185,1275.0,1350.0,1365.0,1325.0,1300.0,1295.0,1275.0,1300.0,1335.0,1395.0,1395.0,1350.0,1365.0,1370.0,1350.0,1375.0,1350.0,1350.0,1357.5,1387.5,1400.0,1400.0,1450.0,1450.0,1425.0,1450.0,1450.0,1425.0,1400.0,1425.0,1450.0,1475.0,1500.0,1500.0,1550.0,1500.0,1530.0,1500.0,1500.0,1500.0,1500.0,1550.0,1550.0,1600.0,1575.0,1600.0,1650.0,1600.0,1650.0,1625.0,1612.5,1625.0,1632.5,1650.0,1625.0,1600.0,1605.0,1660.0,1600.0,1600.0,1650.0,1650.0,1600.0,1625.0,1700.0,1585.0,1624.0,1650.0,1725.0,1625.0,1650.0,1800.0,1750.0,1700.0,1630.5,1625.0,1685.0,1797.5,1800.0,1650.0,1725.0,1750.0,37.254901960784316
37,10036,New York,NY,"New York, NY",New York,196,2700.0,2600.0,2595.0,2600.0,2490.0,2515.0,2525.0,2500.0,2499.0,2599.0,2582.5,2600.0,2600.0,2500.0,2500.0,2400.0,2350.0,2375.0,2400.0,2450.0,2400.0,2400.0,2450.0,2490.0,2495.0,2490.0,2450.0,2450.0,2411.0,2400.0,2490.0,2580.0,2795.0,2800.0,2890.0,2895.0,2922.0,2950.0,2950.0,2947.0,2890.0,2950.0,2900.0,2922.0,2950.0,2947.0,2850.0,2895.0,2892.5,2840.0,2850.0,2850.0,2895.0,2950.0,2900.0,2825.0,2890.0,2790.0,2840.0,2840.0,2850.0,2800.0,2836.0,2840.0,2775.0,2800.0,2868.5,2890.0,2890.0,2850.0,2795.0,2800.0,2800.0,2800.0,2790.0,2750.0,2830.0,2850.0,2850.0,2895.0,2900.0,2800.0,3.7037037037037037
38,10010,New York,NY,"New York, NY",New York,218,2400.0,2395.0,2372.5,2400.0,2400.0,2400.0,2500.0,2499.0,2500.0,2595.0,2600.0,2495.0,2450.0,2500.0,2475.0,2500.0,2450.0,2475.0,2495.0,2400.0,2410.0,2495.0,2495.0,2500.0,2500.0,2500.0,2500.0,2500.0,2500.0,2500.0,2500.0,2510.0,2700.0,2750.0,2753.0,2725.0,2650.0,2795.0,2850.0,2875.0,2895.0,2997.5,2995.0,2800.0,2795.0,2750.0,2795.0,2725.0,2795.0,2800.0,2900.0,2800.0,2789.0,2650.0,2756.0,2700.0,2756.0,2675.0,2750.0,2600.0,2750.0,2650.0,2700.0,2750.0,2800.0,2912.5,2850.0,2800.0,2872.5,2795.0,2800.0,2700.0,2650.0,2795.0,2800.0,2769.5,2750.0,2850.0,2912.5,2949.5,2872.5,2895.0,20.625
39,11106,New York,NY,"New York, NY",Queens,274,,,,,1275.0,1275.0,1275.0,1325.0,1400.0,1450.0,1500.0,1625.0,1625.0,1650.0,1600.0,1625.0,1600.0,1625.0,1650.0,1650.0,1700.0,1712.5,1861.0,1900.0,1700.0,1700.0,1685.0,1736.0,1750.0,1750.0,1955.0,2000.0,2030.0,1800.0,1775.0,1837.5,1825.0,1750.0,1700.0,1795.0,1850.0,1850.0,1900.0,1955.0,1895.0,1925.0,1850.0,1900.0,2000.0,2000.0,2000.0,1995.0,1900.0,1900.0,1950.0,1950.0,2000.0,1920.0,1800.0,1950.0,2000.0,1962.5,1978.0,1864.0,1795.0,1695.0,1825.0,1800.0,1800.0,1749.0,1799.0,1725.0,1875.0,1950.0,1897.5,1850.0,1946.5,1800.0,1947.5,2000.0,1949.5,1937.5,
40,10022,New York,NY,"New York, NY",New York,279,2100.0,2100.0,2000.0,2100.0,2100.0,2100.0,2250.0,2300.0,2200.0,2300.0,2300.0,2300.0,2300.0,2300.0,2200.0,2162.5,2150.0,2295.0,2300.0,2300.0,2300.0,2300.0,2350.0,2300.0,2395.0,2300.0,2300.0,2300.0,2300.0,2300.0,2400.0,2500.0,2500.0,2500.0,2512.5,2595.0,2650.0,2700.0,2650.0,2700.0,2600.0,2650.0,2695.0,2750.0,2700.0,2737.5,2700.0,2650.0,2650.0,2675.0,2650.0,2675.0,2800.0,2700.0,2700.0,2550.0,2550.0,2550.0,2550.0,2550.0,2650.0,2400.0,2650.0,2650.0,2550.0,2650.0,2695.0,2700.0,2665.5,2600.0,2500.0,2500.0,2437.5,2450.0,2495.0,2595.0,2650.0,2705.0,2700.0,2755.0,2800.0,2750.0,30.952380952380953
41,11432,New York,NY,"New York, NY",Queens,285,1295.0,1447.5,1259.0,1345.0,1175.0,1295.0,1300.0,1379.0,1387.0,1372.5,1325.0,1295.0,1250.0,1295.0,1250.0,1295.0,1295.0,1250.0,1395.0,1395.0,1375.0,1351.5,1375.0,1325.0,1293.5,1296.0,1225.0,1250.0,1298.0,1350.0,1395.0,1400.0,1450.0,1450.0,1446.0,1395.0,1400.0,1350.0,1420.0,1450.0,1450.0,1450.0,1450.0,1457.0,1500.0,1500.0,1512.5,1649.5,1439.0,1466.0,1475.0,1458.5,1550.0,1515.0,1409.0,1450.0,1400.0,1489.0,1467.0,1477.5,1499.0,1425.0,1469.0,1455.0,1499.0,1450.0,1450.0,1453.0,1475.0,1499.0,1499.0,1499.0,1650.0,1529.0,1499.0,1500.0,1572.5,1600.0,1569.0,1525.0,1523.0,1550.0,19.69111969111969
42,10065,New York,NY,"New York, NY",New York,313,2495.0,2337.5,2295.0,2350.0,2300.0,2200.0,2400.0,2495.0,2375.0,2300.0,2400.0,2400.0,2350.0,2300.0,2350.0,2300.0,2300.0,2400.0,2495.0,2400.0,2297.5,2400.0,2300.0,2285.0,2400.0,2495.0,2200.0,2300.0,2295.0,2200.0,2372.5,2400.0,2700.0,2700.0,2700.0,2797.5,2800.0,2800.0,2800.0,2825.0,3000.0,2899.5,2900.0,3000.0,3025.0,3097.5,3140.0,3230.0,3395.0,3000.0,3100.0,3132.5,3002.5,2975.0,2850.0,2795.0,2697.5,2795.0,2597.5,2795.0,2950.0,2695.0,2850.0,2975.0,3000.0,3000.0,3000.0,2868.5,2975.0,2600.0,2695.0,2772.5,2755.5,2730.0,2695.0,2795.0,2700.0,2700.0,2762.5,2850.0,2800.0,2625.0,5.210420841683367
43,11435,New York,NY,"New York, NY",Queens,338,,,,,1300.0,1200.0,1197.5,1232.0,1225.0,1225.0,1195.0,1195.0,1198.5,1212.0,1207.0,1225.0,1198.0,1176.0,1160.0,1144.0,1139.5,1200.0,1222.5,1250.0,1100.0,1275.0,1295.0,1300.0,1285.0,1295.0,1200.0,1272.5,1300.0,1400.0,1439.0,1385.0,1237.5,1300.0,1321.0,1330.0,1300.0,1300.0,1400.0,1575.0,1500.0,1500.0,1450.0,1450.0,1425.0,1495.0,1685.0,1500.0,1382.0,1500.0,1375.0,1400.0,1550.0,1300.0,1469.5,1400.0,1450.0,1400.0,1450.0,1450.0,1450.0,1400.0,1497.5,1550.0,1550.0,1695.0,1500.0,1500.0,1475.0,1475.0,1475.0,1499.0,1599.5,1675.0,1695.0,1600.0,1612.5,1599.5,
44,11205,New York,NY,"New York, NY",Kings,357,,,,,,,,,,,,,,,,,,,,,,,,,,,,,,,,,,,,,,,,,,,2100.0,2199.0,2300.0,2240.0,2300.0,2275.0,2200.0,2200.0,2200.0,2395.0,2400.0,2400.0,2099.0,2072.5,2150.0,2399.0,2300.0,2200.0,2250.0,2125.0,2150.0,2350.0,2328.5,2295.0,2150.0,2162.5,2147.0,2183.5,2209.0,2129.0,2175.5,2350.0,2380.0,2261.0,2261.0,2352.0,2397.5,2395.0,2397.5,2400.0,
45,11217,New York,NY,"New York, NY",Kings,399,,,,,,,,,,,,,,,,,,,,,,,,,,,,,,,,,,,,,,2501.0,2500.0,2640.0,2550.0,2500.0,2550.0,2550.0,2550.0,2550.0,2500.0,2574.5,2555.0,2550.0,2555.0,2525.0,2550.0,2400.0,2400.0,2409.0,2500.0,2441.0,2600.0,2550.0,2573.0,2400.0,2302.5,2405.0,2494.0,2555.0,2638.5,2608.0,2613.0,2600.0,2659.0,2570.0,2520.0,2535.0,2431.5,2340.0,2350.0,2580.0,2655.0,2745.0,2723.0,2710.0,
46,11365,New York,NY,"New York, NY",Queens,401,,,,,,,,,,,,,,,,,,,,,,,,,,,,,,,,,,,,,,,,,,,,,,,,,,,,,,,,,,,,,,,,2200.0,2500.0,2475.0,2400.0,2500.0,2600.0,2500.0,2600.0,2400.0,2500.0,2400.0,2300.0,2300.0,2297.5,2200.0,2300.0,2375.0,2450.0,2500.0,
47,10035,New York,NY,"New York, NY",New York,428,1787.0,1742.5,1650.0,1650.0,1687.0,1749.0,1770.5,1724.5,1768.5,1738.0,1725.0,1700.0,1724.0,1724.0,1650.0,1700.0,1700.0,1700.0,1700.0,1700.0,1725.0,1700.0,1700.0,1750.0,1700.0,1700.0,1700.0,1700.0,1700.0,1700.0,1770.0,1712.5,1725.0,1700.0,1700.0,1749.0,1700.0,1650.0,1700.0,1700.0,1700.0,1700.0,1700.0,1822.5,1825.0,1700.0,1725.0,1850.0,1795.0,1850.0,1828.0,1712.5,1850.0,1750.0,1700.0,1700.0,1700.0,1724.5,1700.0,1700.0,1709.0,1700.0,1700.0,1995.0,1895.0,1895.0,1872.5,1925.0,2063.0,1937.5,1850.0,1872.5,1810.0,1850.0,1743.5,1855.0,1795.0,1772.5,1850.0,1795.0,1922.5,1885.0,5.484051482932289
48,10075,New York,NY,"New York, NY",New York,433,1775.0,1775.0,1750.0,1795.0,1800.0,1800.0,1850.0,1800.0,1800.0,1800.0,1800.0,1800.0,1795.0,1795.0,1795.0,1775.0,1800.0,1800.0,1825.0,1850.0,1850.0,1850.0,1850.0,1850.0,1866.0,1850.0,1850.0,1850.0,1850.0,1850.0,1875.0,1895.0,1900.0,1900.0,1895.0,1995.0,1895.0,1895.0,1999.0,2012.5,1985.0,2000.0,2062.5,1975.0,1950.0,1985.0,2000.0,2000.0,1999.0,1999.0,2000.0,2000.0,2075.0,2000.0,1950.0,2000.0,1925.0,2000.0,1985.0,1975.0,2000.0,1997.0,1925.0,1962.5,2000.0,1995.0,2050.0,2137.5,2100.0,2075.0,2025.0,2000.0,2000.0,2000.0,1950.0,1973.5,1997.0,1995.0,2000.0,2075.0,2075.0,2050.0,15.492957746478874
49,11102,New York,NY,"New York, NY",Queens,434,,,,,1600.0,1650.0,1650.0,1650.0,1550.0,1700.0,1625.0,1650.0,1800.0,1600.0,1575.0,1700.0,1650.0,1650.0,1700.0,1762.5,1650.0,1600.0,1600.0,1800.0,1800.0,1800.0,1800.0,1797.5,1800.0,1747.0,1750.0,1750.0,1800.0,1835.0,1900.0,1900.0,1900.0,1800.0,1672.5,1650.0,1850.0,2000.0,2000.0,2200.0,2175.0,2175.0,2150.0,2175.0,2175.0,2150.0,2000.0,1850.0,1812.5,1960.0,1850.0,2137.5,2200.0,2000.0,2000.0,2187.5,2100.0,1997.5,2150.0,2050.0,2000.0,2000.0,1960.0,1950.0,2100.0,1800.0,2000.0,1800.0,2000.0,2000.0,2050.0,2000.0,2000.0,1932.0,1995.0,1837.5,2100.0,2100.0,
50,11101,New York,NY,"New York, NY",Queens,439,,,,,,,,,,,,,,,2185.0,2100.0,2185.0,2155.0,2155.0,2190.0,2165.0,2194.0,2195.0,2150.0,2165.0,2160.0,2157.5,2175.0,2200.0,2225.0,2210.0,2200.0,2200.0,2140.0,2150.0,2195.0,2225.0,2250.0,2250.0,2275.0,2300.0,2350.0,2328.0,2350.0,2299.0,2300.0,2299.0,2295.0,2295.0,2295.0,2284.5,2295.0,2275.0,2250.0,2275.0,2250.0,2275.0,2252.0,2285.0,2245.0,2233.0,2200.0,2200.0,2250.0,2252.0,2265.0,2298.0,2331.0,2328.0,2326.5,2325.0,2299.0,2270.5,2235.0,2251.0,2238.5,2271.0,2315.0,2347.5,2416.0,2418.0,2400.0,
51,10001,New York,NY,"New York, NY",New York,466,,,,2455.0,2500.0,2600.0,2600.0,2400.0,2500.0,2500.0,2595.0,2575.0,2500.0,2450.0,2450.0,2400.0,2450.0,2500.0,2600.0,2500.0,2399.0,2400.0,2495.0,2449.0,2462.5,2500.0,2500.0,2500.0,2500.0,2500.0,2700.0,2750.0,2877.5,2800.0,3035.0,2965.0,2925.0,2950.0,2950.0,2950.0,2900.0,2900.0,2895.0,2950.0,2995.0,3007.5,3025.0,3025.0,2995.0,2995.0,2995.0,2967.5,2900.0,2900.0,2795.0,2895.0,2875.0,2900.0,2825.0,2895.0,2825.0,2795.0,2942.5,2950.0,3000.0,3030.5,2979.5,2987.5,3047.5,2960.0,3015.0,2995.0,2985.0,2987.5,3037.0,2995.5,2907.0,2999.5,3177.0,3080.0,3077.0,3074.5,
52,10012,New York,NY,"New York, NY",New York,472,,,2350.0,2395.0,2495.0,2450.0,2450.0,2337.0,2400.0,2450.0,2450.0,2550.0,2695.0,2690.0,2475.0,2297.5,2300.0,2450.0,2492.5,2300.0,2250.0,2300.0,2450.0,2495.0,2450.0,2500.0,2695.0,2650.0,2650.0,2695.0,2500.0,2448.0,2650.0,2550.0,2550.0,2700.0,2700.0,2825.0,2890.0,2792.0,2825.0,2850.0,2750.0,2800.0,2750.0,2800.0,2922.5,3100.0,3100.0,3000.0,2997.5,2895.0,2972.5,2850.0,2850.0,2995.0,2750.0,2850.0,2750.0,2895.0,2897.5,2550.0,2700.0,2750.0,2700.0,2750.0,2725.0,2650.0,2700.0,2846.0,2995.0,2850.0,2790.5,2750.0,2750.0,2800.0,2892.5,2895.0,3000.0,2890.0,2882.5,2870.0,
53,11249,New York,NY,"New York, NY",Kings,488,,,,,,,,,,,,,,,,,,,,,,,,,,,,,,,,,,,,,,,,,,,,,,,,,,,,,,,,,,,,,,,,,3195.0,3395.0,3300.0,3200.0,3033.5,3000.0,3090.0,3113.0,2865.0,2865.0,2995.0,2995.0,2939.5,2950.0,2953.0,2950.0,3193.0,3200.0,
54,11357,New York,NY,"New York, NY",Queens,512,,,,,,,,,,,,,,,,,,,,,,,,,,,,,,,,,,,,,,,,,,,,,,,,,,,,,,,,,,,,,,,,,,,,,,2400.0,2350.0,2200.0,2200.0,2300.0,2200.0,2200.0,2200.0,2200.0,2225.0,2300.0,2300.0,2300.0,
55,11358,New York,NY,"New York, NY",Queens,580,,,,,,,,,,,,,,,,,,,,,,,,,,,,,,,,,,,,,,,,,,,,,,,,,,,,,,,,,,,,,,1850.0,1975.0,2075.0,1900.0,1900.0,2225.0,2000.0,1900.0,2200.0,2250.0,2200.0,2199.0,2200.0,2200.0,2200.0,2100.0,2147.5,2300.0,2300.0,2300.0,2300.0,
56,10030,New York,NY,"New York, NY",New York,583,,,,,,,,,,,,,,,,,,,,,,,,,,,,,,,,,,,,,,,,,,,,,,,,,,,,,,,,,,,,,,,,1495.0,1495.0,1495.0,1500.0,1500.0,1500.0,1663.0,1525.0,1500.0,1550.0,1537.5,1627.5,1550.0,1550.0,1625.0,1600.0,1695.0,1600.0,1595.0,
57,10017,New York,NY,"New York, NY",New York,617,2300.0,2200.0,2200.0,2275.0,2300.0,2295.0,2300.0,2295.0,2250.0,2239.0,2200.0,2250.0,2200.0,2300.0,2295.0,2250.0,2250.0,2300.0,2300.0,2310.0,2397.5,2300.0,2300.0,2300.0,2300.0,2300.0,2300.0,2350.0,2395.0,2375.0,2400.0,2450.0,2550.0,2550.0,2550.0,2550.0,2600.0,2800.0,2795.0,2700.0,2700.0,2800.0,2712.5,2750.0,2750.0,2725.0,2800.0,2700.0,2662.5,2600.0,2600.0,2600.0,2600.0,2557.5,2500.0,2600.0,2600.0,2500.0,2499.5,2500.0,2525.0,2300.0,2500.0,2500.0,2597.0,2600.0,2650.0,2697.0,2600.0,2582.0,2600.0,2550.0,2500.0,2497.0,2500.0,2550.0,2580.0,2575.0,2580.0,2600.0,2650.0,2600.0,13.043478260869565
58,10038,New York,NY,"New York, NY",New York,630,2516.5,2550.0,2550.0,2545.0,2530.0,2550.0,2550.0,2550.0,2560.0,2560.0,2560.0,2595.0,2525.0,2500.0,2500.0,2500.0,2500.0,2500.0,2560.0,2625.0,2650.0,2680.0,2650.0,2645.0,2695.0,2700.0,2700.0,2675.0,2650.0,2600.0,2650.0,2645.0,2800.0,2850.0,2895.0,2850.0,2860.0,2850.0,2895.0,2895.0,2950.0,2992.5,3050.0,2990.0,2950.0,2995.0,2990.0,2991.0,2899.0,2932.5,2899.0,2800.0,2985.0,2995.0,3000.0,2987.5,2800.0,2970.0,2895.0,2890.0,2879.5,2725.0,2731.0,2772.0,2775.0,2765.0,2897.5,2937.5,2992.5,2990.0,2999.0,2949.0,2893.5,2935.0,2837.5,2878.5,2940.5,2950.0,2950.0,3000.0,3100.0,3125.0,24.180409298629048
59,11379,New York,NY,"New York, NY",Queens,635,,,,,,,,,,,,,,,,,,,,,,,,,,,,,,,,,,,,,,,,,,,,,,,,,,,,,,,,,,,,,,,,,,,1900.0,2000.0,2000.0,2000.0,2100.0,2200.0,2000.0,1975.0,2000.0,2000.0,2200.0,2150.0,2000.0,2000.0,2000.0,2100.0,
60,10037,New York,NY,"New York, NY",New York,664,,,,,,,,,,,,,,,,,,,,,,,,,,,,,,,,,,,,,,,,,,,,,,,,,,,,,,,,,,,,,,,1625.5,1600.0,1650.0,1650.0,1625.0,1655.0,1675.0,1655.0,1670.0,1642.0,1595.0,1599.5,1655.0,1650.0,1630.0,1650.0,1680.0,1682.0,1700.0,1695.0,
61,11361,New York,NY,"New York, NY",Queens,712,,,,,,,,,,,,,,,,,,,,,,,,,,,,,,,,,,,,,,,,,,,,,,,,,,,,,,,,,,,,,,,,2200.0,2162.5,2200.0,1900.0,2100.0,1779.5,2000.0,2200.0,2050.0,2100.0,2200.0,2199.5,2200.0,2200.0,2200.0,2199.5,2200.0,2400.0,2300.0,
62,11378,New York,NY,"New York, NY",Queens,726,,,,,,,,,,,,,,,,,,,,,,,,,,,,,,,,,,,,,,,,,,,,,,,,,,,,,,,,,,,,,,,,2050.0,2200.0,2200.0,2200.0,2200.0,2200.0,2199.5,2195.0,2100.0,2099.5,1925.0,2100.0,2100.0,2150.0,2200.0,2150.0,2100.0,2100.0,2125.0,
63,11360,New York,NY,"New York, NY",Queens,745,,,,,,,,,,,,,,,,,,,,,,,,,,,,,,,,,,,,,,,,,,,,,,,,,,,,,,,,,,,,,,,,,,,,,2500.0,2400.0,2450.0,2350.0,2400.0,2350.0,2350.0,2350.0,2300.0,2250.0,2300.0,2350.0,2350.0,2350.0,
64,11356,New York,NY,"New York, NY",Queens,808,,,,,,,,,,,,,,,,,,,,,,,,,,,,,,,,,,,,,,,,,,,,,,,,,,,,,,,,,,,,,,,,2025.0,2225.0,2225.0,2200.0,2050.0,2100.0,2100.0,2100.0,2150.0,2175.0,2000.0,1975.0,2100.0,2200.0,2200.0,2195.0,2200.0,2300.0,2200.0,
65,10005,New York,NY,"New York, NY",New York,825,2695.0,2599.0,2600.0,2600.0,2637.0,2650.0,2700.0,2700.0,2698.0,2790.0,2795.0,2812.5,2782.0,2740.0,2733.5,2750.0,2725.0,2695.0,2700.0,2700.0,2750.0,2730.0,2758.5,2750.0,2840.0,2845.0,2795.0,2795.0,2798.0,2763.0,2795.0,2800.0,3065.0,3025.0,3033.5,3072.0,3078.0,3089.0,3066.0,3100.0,3063.0,3113.5,3125.0,3125.0,3066.0,3100.0,3170.0,3170.0,3172.5,3150.0,3162.5,3100.0,3100.0,3162.5,3117.5,3121.0,3043.0,3045.0,2995.0,3058.0,3004.5,2997.0,2993.5,3092.5,3066.0,2991.0,3100.0,3150.0,3191.0,3174.5,3132.0,3141.0,3092.0,3104.0,3150.0,3207.0,3137.0,3087.0,3190.0,3250.0,3253.0,3302.0,22.523191094619666
66,10018,New York,NY,"New York, NY",New York,826,,2313.5,2200.0,2415.0,2430.0,2495.0,2560.0,2600.0,2552.0,2498.0,2700.0,2695.0,2582.5,2443.0,2473.5,2495.0,2400.0,2472.0,2501.5,2490.0,2492.5,2500.0,2480.0,2462.5,2500.0,2500.0,2475.0,2495.0,2450.0,2440.0,2450.0,2515.0,2730.0,2755.0,2818.0,2752.5,2745.0,2770.0,2772.0,2747.5,2770.0,2800.0,2800.0,2850.0,2850.0,2892.5,2895.0,2852.5,2750.0,2755.0,2750.0,2852.5,2846.0,2750.0,2755.0,2755.0,2585.0,2904.5,2782.5,2770.0,2872.5,2795.0,2795.0,2770.0,2785.0,2805.0,2797.5,2780.0,2762.5,2899.0,2825.0,2855.0,2834.0,2752.5,2755.0,2755.0,2807.5,2850.0,2755.0,2865.0,2852.5,2970.0,
67,10280,New York,NY,"New York, NY",New York,833,2750.0,2800.0,2795.0,2700.0,2800.0,2800.0,2800.0,2800.0,2800.0,2812.5,2725.0,2750.0,2995.0,2897.5,2900.0,2800.0,2800.0,2800.0,2795.0,2800.0,2895.0,3000.0,3000.0,2895.0,2997.5,2995.0,3037.5,3000.0,2995.0,2900.0,2995.0,3200.0,3500.0,3500.0,3462.5,3450.0,3495.0,3500.0,3500.0,3400.0,3450.0,3495.0,3495.0,3500.0,3495.0,3495.0,3500.0,3495.0,3550.0,3550.0,3485.0,3500.0,3500.0,3650.0,3495.0,3400.0,3495.0,3500.0,3462.0,3415.0,3485.0,3325.0,3400.0,3385.0,3350.0,3262.5,3350.0,3500.0,3495.0,3475.0,3337.5,3270.0,3200.0,3220.0,3400.0,3400.0,3300.0,3325.0,3400.0,3400.0,3390.0,3500.0,27.272727272727273
68,11109,New York,NY,"New York, NY",Queens,838,,,,,2242.5,2215.0,2252.5,2265.0,2200.0,2195.0,2200.0,2200.0,2230.0,2225.0,2197.5,2190.0,2222.5,2245.0,2195.0,2250.0,2215.0,2267.5,2262.5,2225.0,2250.0,2200.0,2250.0,2260.0,2265.0,2395.0,2560.0,2490.0,2380.0,2400.0,2340.0,2340.0,2340.0,2340.0,2340.0,2300.0,2385.0,2375.0,2375.0,2400.0,2420.0,2435.0,2447.5,2422.5,2400.0,2400.0,2395.0,2425.0,2427.5,2395.0,2395.0,2356.5,2390.0,2395.0,2375.0,2354.5,2300.0,2282.5,2300.0,2340.0,2387.5,2411.0,2437.5,2500.0,2525.0,2495.0,2470.0,2275.0,2260.0,2237.5,2260.0,2300.0,2340.0,2330.0,2340.0,2340.0,2342.5,2400.0,
69,10069,New York,NY,"New York, NY",New York,843,3050.0,2885.0,2855.0,2800.0,2810.0,2710.0,2820.0,2975.0,3100.0,2960.0,2960.0,2940.0,2815.0,2885.0,2760.0,2750.0,2707.5,2870.0,2922.5,2985.0,2987.5,2960.0,2977.5,2937.5,2987.5,3015.0,3075.0,2999.0,3025.0,3050.0,3285.0,3312.5,3300.0,3217.5,3271.5,3500.0,3312.5,3325.0,3500.0,3325.0,3288.0,3262.5,3500.0,3600.0,3550.0,3600.0,3550.0,3450.0,3330.0,3325.0,3495.0,3325.0,3450.0,3337.5,3450.0,3260.0,2822.5,3127.5,3160.0,3005.0,3160.0,2915.0,2980.0,3075.0,3135.0,3300.0,3472.5,3500.0,3395.0,3295.0,3300.0,3165.0,3160.0,3075.0,3125.0,3288.0,3288.0,3160.0,3220.0,3467.5,3500.0,3400.0,11.475409836065573
70,10006,New York,NY,"New York, NY",New York,849,2500.0,2445.5,2445.0,2499.5,2450.0,2400.0,2425.0,2485.5,2412.5,2476.0,2495.0,2425.0,2450.0,2500.0,2495.0,2450.0,2450.0,2450.0,2475.0,2493.5,2493.5,2495.0,2495.0,2495.0,2500.0,2522.5,2579.5,2549.0,2525.0,2495.0,2495.0,2500.0,2875.0,2897.5,2850.0,2895.0,2950.0,2915.0,2890.0,2895.0,2900.0,2930.0,3050.0,3125.0,3130.0,3100.0,3050.0,3075.0,3102.5,2975.0,2995.0,3081.0,3190.0,3040.0,3055.0,2965.0,2895.0,2950.0,2950.0,2925.0,2950.0,2950.0,2895.0,2980.0,2980.0,2995.0,2880.0,2900.0,2995.0,3020.0,2995.0,2950.0,2885.0,2912.5,2845.0,3041.0,3000.0,3047.0,3092.5,2965.0,3032.5,2982.5,19.3
71,10004,New York,NY,"New York, NY",New York,850,,,,,,,,,,,,,,,,,,,,,,,,,,,,,,,,,,,,,,,,,,,,,,,,,,,,,,,,,,,,,,,2900.0,3300.0,2995.0,2997.5,3050.0,3000.0,2900.0,2875.0,3275.0,3522.5,3597.5,3500.0,3595.0,3375.0,2987.0,2850.0,3350.0,3250.0,3050.0,3138.0,
