,neighborhood,zipcodes,gentrification_label,coffee,cafe,avg_rating,avg_price,starbucks_count,bars,"%, Less than 9th grade","%, 9th to 12th grade, no diploma",% High school graduate (includes equivalency),"% Some college, no degree",% A Associate's degree,% Bachelor's degree,% Graduate or professional degree,% high school graduate or higher,% bachelor's degree or higher,% White,% African American,% American Indian and Alaska Native,% American Indian and Alaska Native - Cherokee tribal grouping,% American Indian and Alaska Native - Chippewa tribal grouping,% American Indian and Alaska Native - Navajo tribal grouping,% American Indian and Alaska Native - Sioux tribal grouping,% Asian,% Asian Indian,% Chinese,% Filipino,% Japanese,% Korean,% Vietnamese,% Other Asian,% Native Hawaiian and Other Pacific Islander,% Native Hawaiian and Other Pacific Islander - Native Hawaiian,% Native Hawaiian and Other Pacific Islander - Guamanian or Chamorro,% Native Hawaiian and Other Pacific Islander - Samoan,% Native Hawaiian and Other Pacific Islander - Other Pacific Islander,% Some other race,median_household_income_$,mean_household_income_$
0,BronxCentral,10453,Non-Gentrifying,1.0,2.0,3.4120216562077026,1.4468339307048985,,,17.2,16.3,29.0,16.7,7.5,10.1,3.2,66.6,13.2,10.4,32.0,0.8,0.0,0.0,0.0,0.0,1.5,0.3,0.1,0.2,0.0,0.0,0.0,0.8,0.1,0.0,0.0,0.0,0.1,52.8,22914,34188
1,BronxCentral,10457,Gentrifying,,2.0,3.1756756756756754,1.2318007662835249,,,18.7,18.6,26.2,18.1,5.6,8.4,4.4,62.7,12.8,11.6,34.5,0.4,0.0,0.0,0.0,0.0,1.3,0.5,0.1,0.2,0.0,0.1,0.0,0.4,0.1,0.0,0.0,0.0,0.0,48.8,25967,38182
2,BronxCentral,10460,Gentrifying,1.0,,3.477435064935065,1.4065934065934065,,,18.2,20.5,25.8,17.8,5.6,9.5,2.6,61.3,12.1,13.4,28.5,0.2,0.0,0.0,0.0,0.0,1.6,0.9,0.3,0.0,0.0,0.0,0.0,0.4,0.0,0.0,0.0,0.0,0.0,53.6,24086,36206
3,Bronx Park and Fordham,10458,Non-Gentrifying,11.0,6.0,3.774120398617043,1.4616733649981732,2.0,3.0,16.2,15.5,29.4,18.4,6.6,9.9,4.1,68.3,13.9,19.3,20.5,0.4,0.0,0.0,0.0,0.0,3.1,0.8,0.2,0.1,0.2,0.5,0.3,1.1,0.1,0.1,0.0,0.0,0.0,52.2,30339,43596
4,Bronx Park and Fordham,10467,Non-Gentrifying,5.0,3.0,3.5465686274509807,1.274436090225564,,1.0,14.0,14.0,29.1,17.0,6.8,12.9,6.0,72.0,19.0,20.0,35.7,0.7,0.0,0.0,0.0,0.0,6.3,2.1,0.3,0.6,0.0,0.2,0.4,2.7,0.0,0.0,0.0,0.0,0.0,33.3,34964,46982
5,Bronx Park and Fordham,10468,Non-Gentrifying,2.0,3.0,3.358816425120773,1.5969049373618276,1.0,4.0,16.8,15.4,28.7,16.8,5.4,12.3,4.6,67.8,16.9,14.1,21.1,0.7,0.2,0.0,0.0,0.0,3.5,0.7,0.3,0.9,0.1,0.3,0.6,0.6,0.0,0.0,0.0,0.0,0.0,56.2,34988,45872
6,High Bridge,10451,Non-Gentrifying,2.0,,3.8355855855855854,1.3966666666666665,,,17.1,14.2,25.6,17.6,6.4,12.4,6.6,68.7,19.0,10.7,38.8,0.5,0.0,0.0,0.0,0.0,1.8,0.2,0.6,0.1,0.1,0.2,0.1,0.6,0.2,0.2,0.0,0.0,0.0,44.1,26419,43036
7,High Bridge,10452,Non-Gentrifying,2.0,,3.1935410135841176,1.6293402777777777,,,18.7,17.0,26.5,16.9,7.8,10.1,2.9,64.3,13.0,11.1,31.7,0.2,0.0,0.0,0.0,0.0,1.0,0.3,0.2,0.0,0.0,0.1,0.0,0.5,0.0,0.0,0.0,0.0,0.0,52.0,25771,38071
8,High Bridge,10456,Gentrifying,,3.0,3.4660681679853926,1.5564516129032258,,,19.0,17.3,25.9,18.9,5.5,10.2,3.1,63.7,13.4,8.6,40.7,0.9,0.0,0.0,0.0,0.0,1.3,0.6,0.2,0.2,0.0,0.0,0.0,0.3,0.0,0.0,0.0,0.0,0.0,45.7,25868,37878
9,Hunts Point and Mott Haven,10454,Gentrifying,2.0,1.0,3.6587301587301595,1.7555555555555555,,3.0,23.1,20.3,26.9,15.5,5.3,6.8,2.2,56.6,9.0,15.6,29.1,0.8,0.0,0.0,0.0,0.0,0.7,0.2,0.3,0.0,0.0,0.0,0.0,0.1,0.0,0.0,0.0,0.0,0.0,50.9,21553,33449
10,Hunts Point and Mott Haven,10455,Gentrifying,1.0,,3.7291666666666665,1.5,,,22.4,19.4,27.4,16.3,4.6,7.6,2.3,58.2,9.9,9.3,28.4,0.8,0.3,0.0,0.0,0.0,1.0,0.1,0.8,0.0,0.0,0.0,0.0,0.0,0.2,0.0,0.0,0.1,0.1,57.9,23962,35232
11,Hunts Point and Mott Haven,10459,Gentrifying,4.0,,3.6540750915750917,1.2546296296296298,,,20.8,16.3,28.3,17.0,6.7,8.1,2.8,62.9,10.9,11.7,32.8,0.6,0.0,0.1,0.0,0.0,1.0,0.4,0.2,0.0,0.0,0.1,0.1,0.3,0.0,0.0,0.0,0.0,0.0,51.3,24805,36940
12,Hunts Point and Mott Haven,10474,Gentrifying,2.0,2.0,4.144736842105263,1.1071428571428572,,,20.7,17.6,24.4,16.5,9.9,8.5,2.3,61.6,10.8,12.3,33.0,0.3,0.0,0.0,0.0,0.0,0.4,0.0,0.4,0.0,0.0,0.0,0.0,0.0,0.3,0.0,0.0,0.0,0.3,50.3,26901,38389
13,Kingsbridge and Riverdale,10463,Higher-Income,2.0,2.0,3.055263157894737,1.507936507936508,1.0,,9.5,9.5,20.4,16.5,5.1,21.0,18.0,81.1,39.0,43.1,15.4,0.7,0.3,0.0,0.0,0.0,4.2,0.7,1.2,0.4,0.1,1.1,0.0,0.8,0.1,0.0,0.0,0.0,0.1,31.1,56568,79457
14,Kingsbridge and Riverdale,10471,Higher-Income,,,,,,,4.0,4.4,15.4,14.7,4.8,26.0,30.7,91.6,56.7,70.8,7.9,0.2,0.0,0.0,0.0,0.0,7.2,0.9,1.7,1.3,0.6,0.7,0.0,1.9,0.0,0.0,0.0,0.0,0.0,11.1,81594,109107
15,Northeast Bronx,10466,Higher-Income,,,3.8333333333333335,1.4,,1.0,9.4,11.3,30.7,18.1,8.7,15.8,6.0,79.3,21.8,8.7,73.3,0.8,0.0,0.0,0.0,0.1,2.4,1.9,0.3,0.0,0.0,0.0,0.0,0.2,0.1,0.0,0.0,0.1,0.1,12.1,44354,60066
16,Northeast Bronx,10469,Higher-Income,2.0,1.0,3.356164383561644,1.4363636363636363,,,10.3,9.7,27.7,17.3,10.0,15.6,9.4,80.0,25.0,18.7,54.9,0.9,0.0,0.0,0.0,0.0,5.3,0.8,0.4,1.1,0.0,0.0,0.4,2.5,0.2,0.1,0.1,0.0,0.0,17.3,57124,71240
17,Northeast Bronx,10470,Higher-Income,,,,,,,9.2,7.5,31.2,14.7,6.1,18.6,12.7,83.3,31.3,46.7,35.2,0.0,0.0,0.0,0.0,0.0,3.6,2.5,0.0,0.5,0.1,0.0,0.0,0.5,0.0,0.0,0.0,0.0,0.0,12.8,58839,71292
18,Northeast Bronx,10475,Higher-Income,1.0,,2.797872340425532,1.5555555555555556,1.0,,7.4,7.0,27.9,24.0,8.4,15.1,10.1,85.6,25.3,15.8,61.5,0.3,0.0,0.0,0.0,0.0,1.3,0.6,0.1,0.1,0.0,0.3,0.0,0.2,0.0,0.0,0.0,0.0,0.0,16.5,46340,59127
19,Southeast Bronx,10461,Higher-Income,15.0,2.0,3.581740276862228,1.5240740740740741,1.0,2.0,9.0,10.4,29.1,18.5,6.5,16.1,10.4,80.6,26.5,47.7,8.9,0.4,0.1,0.0,0.0,0.0,11.1,3.0,2.2,1.6,0.1,0.4,0.8,3.1,0.0,0.0,0.0,0.0,0.0,27.7,55332,71657
20,Southeast Bronx,10462,Higher-Income,10.0,4.0,3.1867333922088115,1.4354256854256855,4.0,5.0,11.3,10.1,28.3,17.6,8.3,15.5,8.8,78.6,24.3,22.3,27.3,0.6,0.0,0.0,0.0,0.0,12.2,4.5,0.9,0.5,0.0,0.2,0.7,5.3,0.0,0.0,0.0,0.0,0.0,33.0,48315,59362
21,Southeast Bronx,10464,Higher-Income,,2.0,3.534090909090909,2.0,,1.0,1.3,5.5,30.1,16.9,9.3,19.6,17.3,93.2,36.9,75.9,1.6,0.0,0.0,0.0,0.0,0.0,4.9,0.0,0.2,3.9,0.3,0.0,0.0,0.4,0.0,0.0,0.0,0.0,0.0,17.0,76917,92724
22,Southeast Bronx,10465,Higher-Income,4.0,1.0,3.4827586206896552,1.7076923076923076,2.0,3.0,8.9,8.3,30.7,18.2,9.3,14.9,9.7,82.8,24.6,60.7,11.5,0.1,0.0,0.0,0.0,0.0,3.3,0.8,1.0,0.6,0.0,0.1,0.3,0.6,0.0,0.0,0.0,0.0,0.0,21.1,73068,86933
23,Southeast Bronx,10472,Non-Gentrifying,5.0,2.0,3.5272321428571427,1.5542328042328042,,2.0,21.3,18.1,26.3,18.0,5.7,8.1,2.6,60.6,10.7,17.4,28.4,0.9,0.0,0.0,0.0,0.0,5.8,2.0,0.8,0.1,0.0,0.1,0.1,2.7,0.0,0.0,0.0,0.0,0.0,42.2,29934,41976
24,Southeast Bronx,10473,Non-Gentrifying,1.0,,2.7254901960784315,1.45,,1.0,11.6,13.9,29.6,19.3,9.0,11.6,5.1,74.5,16.6,35.6,39.7,0.4,0.0,0.0,0.0,0.0,2.1,0.8,0.2,0.1,0.1,0.2,0.3,0.4,0.0,0.0,0.0,0.0,0.0,19.0,36686,52289
25,Central Brooklyn,11212,Gentrifying,1.0,4.0,3.6290697674418606,1.4022435897435899,,1.0,10.0,15.0,36.1,18.6,7.0,9.3,3.9,75.0,13.2,5.6,83.8,0.3,0.0,0.0,0.0,0.0,1.5,0.6,0.6,0.1,0.0,0.1,0.0,0.3,0.0,0.0,0.0,0.0,0.0,7.1,28495,42138
26,Central Brooklyn,11213,Gentrifying,7.0,,3.732600732600732,1.5872235872235871,,3.0,7.7,10.5,30.9,19.4,6.6,15.1,9.9,81.9,25.0,20.7,68.3,0.3,0.0,0.0,0.0,0.0,2.1,0.8,0.7,0.1,0.1,0.1,0.0,0.3,0.0,0.0,0.0,0.0,0.0,5.9,37556,52377
27,Central Brooklyn,11216,Gentrifying,21.0,6.0,3.8903952205882355,1.5477692526285878,1.0,19.0,5.9,10.0,21.2,14.9,5.4,26.1,16.6,84.2,42.7,24.1,63.1,0.5,0.0,0.0,0.0,0.0,4.9,1.1,1.0,0.4,0.4,0.1,0.1,1.9,0.0,0.0,0.0,0.0,0.0,4.0,52239,73119
28,Central Brooklyn,11233,Gentrifying,14.0,10.0,4.004960317460318,1.4035407988238178,,10.0,9.5,14.3,31.8,15.6,6.8,15.1,6.8,76.1,21.9,6.7,80.4,0.2,0.0,0.0,0.0,0.0,1.6,0.3,0.6,0.2,0.1,0.0,0.0,0.4,0.0,0.0,0.0,0.0,0.0,9.0,35686,53718
29,Central Brooklyn,11238,Gentrifying,8.0,2.0,4.005813953488372,1.2560975609756098,,8.0,3.9,5.2,14.3,12.7,5.0,32.2,26.8,90.9,59.0,42.1,42.1,0.1,0.0,0.0,0.0,0.0,6.0,1.5,2.1,0.3,0.6,0.6,0.1,0.7,0.0,0.0,0.0,0.0,0.0,4.6,75757,100446
30,Southwest Brooklyn,11209,Higher-Income,32.0,10.0,3.8497961661896087,1.7401323213246387,5.0,8.0,6.1,6.1,18.7,14.3,6.5,28.0,20.2,87.8,48.3,75.6,2.1,0.2,0.0,0.0,0.0,0.0,12.8,1.1,8.3,0.5,0.4,0.7,0.0,1.7,0.0,0.0,0.0,0.0,0.0,6.4,65181,88531
31,Southwest Brooklyn,11214,Higher-Income,8.0,,4.01056338028169,1.695906432748538,2.0,2.0,14.8,10.2,27.8,10.7,7.1,20.2,9.3,75.0,29.5,52.5,1.3,0.2,0.0,0.0,0.0,0.0,36.5,0.6,31.0,0.3,0.0,0.3,0.6,3.7,0.0,0.0,0.0,0.0,0.0,8.1,52119,70142
32,Southwest Brooklyn,11228,Higher-Income,3.0,,4.0026709401709395,1.5978004713275726,,2.0,11.9,8.9,29.0,11.3,7.3,19.8,11.7,79.2,31.5,59.5,0.9,0.3,0.0,0.0,0.0,0.0,34.1,0.6,30.6,0.7,0.0,0.2,0.3,1.6,0.1,0.0,0.1,0.0,0.0,4.3,63641,88523
33,Borough Park,11204,Higher-Income,7.0,1.0,4.108148148148148,1.675,1.0,1.0,15.1,11.3,29.5,11.1,6.7,18.2,8.2,73.6,26.4,61.0,1.0,0.2,0.0,0.0,0.0,0.0,30.9,0.4,26.4,0.2,0.0,0.2,0.5,3.2,0.0,0.0,0.0,0.0,0.0,5.4,47135,67554
34,Borough Park,11218,Higher-Income,4.0,5.0,4.047789725209079,1.5998389694041868,,4.0,10.1,8.5,20.3,12.5,5.8,23.2,19.5,81.4,42.7,57.3,8.4,0.5,0.0,0.0,0.0,0.0,18.3,4.8,4.1,0.3,0.2,0.3,0.1,8.4,0.0,0.0,0.0,0.0,0.0,11.8,60821,81775
35,Borough Park,11219,Higher-Income,7.0,3.0,3.8448417102690136,1.8862255863937947,,,16.0,17.2,33.3,11.7,4.1,11.5,6.2,66.8,17.7,65.9,1.2,0.2,0.0,0.0,0.0,0.0,25.0,1.3,21.4,0.2,0.0,0.2,0.1,1.9,0.0,0.0,0.0,0.0,0.0,6.8,36573,54042
36,Borough Park,11230,Higher-Income,1.0,,3.6875,1.5416666666666665,,,9.5,8.1,22.6,12.5,8.2,22.2,16.9,82.4,39.1,69.4,7.5,0.4,0.0,0.0,0.0,0.0,14.3,2.3,3.0,0.1,0.2,0.2,0.0,8.5,0.0,0.0,0.0,0.0,0.0,6.6,43344,71266
37,Canarsie and Flatlands,11234,Higher-Income,,,4.1688311688311686,1.4375,,,5.1,6.0,28.6,17.8,8.7,20.3,13.4,88.8,33.7,42.7,46.8,0.1,0.0,0.0,0.0,0.0,5.5,0.6,2.5,0.6,0.0,0.2,0.1,1.5,0.0,0.0,0.0,0.0,0.0,3.5,75362,93442
38,Canarsie and Flatlands,11236,Higher-Income,2.0,,3.1280915466961976,1.3415032679738563,,,6.5,8.2,29.2,19.5,10.4,17.4,8.8,85.3,26.2,5.4,87.2,0.5,0.0,0.0,0.0,0.0,2.7,0.4,1.6,0.5,0.0,0.0,0.0,0.2,0.0,0.0,0.0,0.0,0.0,3.0,60885,75684
39,Canarsie and Flatlands,11239,Higher-Income,,,3.375,1.8,,,10.1,14.8,31.3,15.4,9.7,11.1,7.6,75.1,18.7,30.6,59.6,1.3,0.1,0.0,0.0,0.0,2.6,0.3,1.1,0.0,0.1,0.4,0.0,0.7,0.0,0.0,0.0,0.0,0.0,3.4,24610,35611
40,Southern Brooklyn,11223,Non-Gentrifying,1.0,2.0,3.3290229885057467,1.5216049382716048,,,11.7,10.1,28.9,11.7,7.3,19.2,11.1,78.2,30.3,63.3,4.1,0.5,0.0,0.0,0.0,0.0,22.9,1.1,18.5,0.1,0.0,0.3,0.1,2.8,0.2,0.0,0.0,0.0,0.2,6.9,44647,68192
41,Southern Brooklyn,11224,Non-Gentrifying,,,,,,,9.5,9.9,24.8,12.7,8.9,20.6,13.6,80.5,34.2,59.1,22.1,0.2,0.0,0.0,0.0,0.1,7.0,0.1,6.0,0.1,0.0,0.1,0.1,0.6,0.1,0.0,0.0,0.0,0.0,8.8,31371,54258
42,Southern Brooklyn,11229,Higher-Income,2.0,,3.7439024390243905,1.2678571428571428,,2.0,8.4,7.1,26.7,12.4,7.6,23.1,14.7,84.5,37.8,68.2,5.2,0.0,0.0,0.0,0.0,0.0,20.2,0.7,15.6,0.6,0.0,0.4,0.7,2.1,0.2,0.1,0.0,0.0,0.1,4.1,55187,73608
43,Southern Brooklyn,11235,Higher-Income,6.0,4.0,3.757936507936508,1.6772727272727272,,1.0,6.8,4.9,23.0,11.3,8.9,27.9,17.1,88.3,45.0,77.6,2.8,0.4,0.0,0.0,0.0,0.0,14.1,2.1,6.3,1.0,0.0,0.6,0.2,3.9,0.0,0.0,0.0,0.0,0.0,3.0,45578,69630
44,Northwest Brooklyn,11201,Higher-Income,4.0,,3.978714285714285,1.9929078014184398,,1.0,3.2,3.9,10.7,8.4,3.1,34.5,36.3,92.9,70.8,64.2,13.7,0.0,0.0,0.0,0.0,0.0,11.3,2.0,5.9,0.7,0.6,0.9,0.3,0.9,0.2,0.0,0.0,0.0,0.1,5.5,109472,161739
45,Northwest Brooklyn,11205,Higher-Income,2.0,1.0,3.3993006993006993,1.890909090909091,,1.0,8.1,10.7,21.4,13.8,4.0,23.6,18.4,81.3,42.0,47.4,31.8,0.1,0.0,0.0,0.0,0.0,7.7,0.9,4.8,0.2,0.4,1.0,0.1,0.3,0.0,0.0,0.0,0.0,0.0,9.5,47437,76078
46,Northwest Brooklyn,11215,Higher-Income,32.0,9.0,4.231111987381704,1.357330068627789,2.0,17.0,3.7,3.8,7.8,8.2,3.2,35.5,37.9,92.6,73.4,75.6,4.6,0.2,0.0,0.0,0.0,0.0,7.6,1.4,2.9,0.6,0.9,1.0,0.2,0.6,0.0,0.0,0.0,0.0,0.0,6.4,108178,152435
47,Northwest Brooklyn,11217,Higher-Income,,,3.841666666666667,1.6916666666666667,,1.0,4.9,6.3,11.1,7.9,3.6,33.7,32.5,88.7,66.1,59.2,17.0,0.2,0.0,0.0,0.0,0.0,7.1,1.7,3.3,0.3,0.5,0.6,0.2,0.5,0.0,0.0,0.0,0.0,0.0,11.4,94970,140286
48,Northwest Brooklyn,11231,Higher-Income,,,4.024305555555555,1.6367521367521367,,2.0,6.2,7.3,14.1,10.0,2.3,31.6,28.5,86.4,60.0,66.9,13.0,0.4,0.0,0.0,0.0,0.0,5.0,1.0,2.1,0.3,0.6,0.5,0.1,0.3,0.0,0.0,0.0,0.0,0.0,9.6,84223,132314
49,Flatbush,11203,Higher-Income,2.0,2.0,3.352477477477477,1.4369259032455604,,,7.3,6.8,36.2,19.9,8.0,14.6,7.2,85.9,21.8,4.6,89.2,0.1,0.0,0.0,0.0,0.0,1.7,0.5,0.4,0.3,0.0,0.0,0.0,0.3,0.0,0.0,0.0,0.0,0.0,3.0,46971,60740
50,Flatbush,11210,Higher-Income,7.0,2.0,3.6313131313131315,1.7337662337662336,3.0,,5.7,5.4,30.3,17.5,6.6,21.7,13.0,89.0,34.7,29.6,60.3,0.1,0.0,0.0,0.0,0.0,4.0,0.6,0.7,0.3,0.0,0.0,0.0,2.5,0.0,0.0,0.0,0.0,0.0,4.1,59520,79990
51,Flatbush,11225,Higher-Income,9.0,9.0,4.217534722222222,1.876984126984127,,3.0,5.9,9.8,25.1,18.5,7.3,19.3,14.2,84.3,33.5,22.9,68.1,0.3,0.0,0.0,0.0,0.0,2.5,0.5,0.5,0.3,0.3,0.5,0.0,0.3,0.1,0.1,0.0,0.0,0.0,4.3,48597,67083
52,Flatbush,11226,Higher-Income,3.0,3.0,4.2424626655395885,1.4185792349726776,,1.0,9.1,9.8,32.5,16.9,5.8,17.3,8.6,81.1,25.9,12.6,70.3,0.2,0.0,0.0,0.0,0.0,3.2,0.6,0.7,0.1,0.2,0.1,0.0,1.5,0.0,0.0,0.0,0.0,0.0,10.4,45031,62046
53,East New York and New Lots,11207,Non-Gentrifying,8.0,2.0,3.296788641128264,1.2541771094402672,,4.0,12.5,13.1,35.4,16.7,8.2,9.6,4.5,74.4,14.1,13.6,66.2,0.4,0.0,0.0,0.0,0.0,1.3,0.3,0.4,0.1,0.0,0.1,0.0,0.3,0.1,0.0,0.0,0.0,0.1,16.0,35849,50551
54,East New York and New Lots,11208,Non-Gentrifying,4.0,2.0,3.3532828282828278,1.1777215189873418,,3.0,11.8,10.3,44.8,13.7,5.3,10.3,3.8,77.9,14.1,25.6,53.3,0.3,0.1,0.0,0.0,0.0,6.2,3.0,1.6,0.0,0.0,0.0,0.1,1.5,0.1,0.0,0.0,0.0,0.1,12.3,37640,51662
55,Greenpoint,11222,Gentrifying,32.0,8.0,4.077421090836275,1.6971318758875198,2.0,39.0,4.6,4.8,17.1,13.0,4.7,35.2,20.7,90.7,55.8,82.0,3.0,0.4,0.0,0.0,0.0,0.0,6.0,0.9,2.1,0.5,0.4,0.8,0.1,1.1,0.0,0.0,0.0,0.0,0.0,4.8,73391,89022
56,Sunset Park,11220,Gentrifying,36.0,9.0,3.719983252992962,1.4189997528219493,,4.0,24.3,24.5,20.4,8.2,4.0,12.3,6.3,51.2,18.6,26.2,2.5,0.5,0.1,0.0,0.0,0.0,41.2,1.1,37.9,0.4,0.1,0.3,0.2,1.2,0.0,0.0,0.0,0.0,0.0,27.0,40576,57349
57,Sunset Park,11232,Gentrifying,10.0,1.0,4.096600331674958,1.5012585400934917,,2.0,19.7,16.9,23.1,11.3,4.1,13.5,11.4,63.4,25.0,36.8,5.1,1.2,0.0,0.0,0.0,0.0,20.0,1.5,15.5,0.3,0.1,0.3,0.6,1.7,0.1,0.0,0.0,0.0,0.1,31.6,47785,65712
58,Williamsburg,11206,Gentrifying,22.0,8.0,4.563975453758873,1.6786517713928213,1.0,27.0,14.3,14.9,26.0,15.7,4.4,19.0,5.8,70.8,24.7,46.0,26.1,0.7,0.0,0.0,0.0,0.0,6.8,0.3,5.4,0.1,0.2,0.3,0.1,0.4,0.0,0.0,0.0,0.0,0.0,16.4,31549,52454
59,Williamsburg,11237,Gentrifying,29.0,11.0,4.327747407972428,1.5804417774593318,1.0,43.0,22.9,17.7,20.3,12.0,3.6,17.8,5.8,59.4,23.6,52.4,18.2,0.7,0.0,0.0,0.0,0.0,7.4,0.7,3.3,1.2,0.6,0.7,0.3,0.8,0.0,0.0,0.0,0.0,0.0,18.2,46351,63128
60,Williamsburg,11211,Gentrifying,38.0,6.0,4.286733038348083,1.2111970914171404,1.0,51.0,7.7,9.2,19.8,13.6,3.4,30.8,15.4,83.1,46.3,77.0,6.4,0.3,0.0,0.0,0.0,0.0,5.3,0.8,1.9,0.5,0.4,0.7,0.3,0.7,0.0,0.0,0.0,0.0,0.0,8.5,59190,91296
61,Bushwick,11221,Gentrifying,22.0,9.0,4.027819910189313,1.6052365390600685,,22.0,12.3,14.2,26.2,15.9,6.0,17.2,8.3,73.6,25.5,28.5,55.0,0.9,0.1,0.0,0.0,0.0,3.7,1.0,1.2,0.2,0.1,0.3,0.1,0.8,0.0,0.0,0.0,0.0,0.0,9.2,43361,59842
62,Central Harlem,10026,Gentrifying,16.0,2.0,3.6676284437825766,1.7665784557907847,2.0,2.0,5.9,11.5,20.9,14.5,4.8,22.0,20.4,82.6,42.4,26.0,55.3,0.2,0.0,0.0,0.0,0.0,5.4,0.8,2.9,0.4,0.3,0.5,0.0,0.4,0.1,0.0,0.1,0.0,0.0,9.6,52082,88932
63,Central Harlem,10027,Gentrifying,27.0,6.0,3.0538381444779548,1.4785964912280702,7.0,8.0,7.9,9.6,20.3,11.6,4.2,21.4,25.0,82.5,46.3,30.0,41.4,0.5,0.0,0.0,0.0,0.0,9.7,2.1,5.3,0.2,0.4,0.8,0.1,0.7,0.0,0.0,0.0,0.0,0.0,14.8,42754,73563
64,Central Harlem,10030,Gentrifying,7.0,2.0,3.7679245283018865,1.4672868217054262,,3.0,8.8,14.5,25.9,16.7,6.1,17.9,10.0,76.6,27.9,15.9,65.3,0.4,0.0,0.0,0.0,0.0,2.3,0.7,0.4,0.1,0.3,0.1,0.0,0.8,0.2,0.0,0.0,0.0,0.2,9.9,33720,57119
65,Central Harlem,10037,Gentrifying,1.0,,3.4318181818181817,1.1583333333333332,,,5.1,9.5,22.0,19.5,6.7,21.7,15.5,85.4,37.2,10.7,74.0,0.0,0.0,0.0,0.0,0.0,2.5,0.6,1.0,0.1,0.0,0.1,0.1,0.7,0.1,0.1,0.0,0.0,0.0,6.9,39463,54929
66,Central Harlem,10039,Gentrifying,2.0,2.0,3.5565217391304347,1.2545454545454544,2.0,2.0,7.5,12.8,26.0,16.4,9.3,17.5,10.5,79.7,28.0,11.9,65.5,1.0,0.3,0.0,0.0,0.0,1.4,0.3,0.3,0.5,0.0,0.3,0.0,0.0,0.0,0.0,0.0,0.0,0.0,16.3,32257,51355
67,Chelsea and Clinton,10001,Higher-Income,36.0,13.0,3.7880943105539857,1.5551155153629082,,9.0,3.8,3.3,13.5,9.3,2.2,36.0,31.9,92.9,67.9,63.5,9.6,0.1,0.0,0.0,0.0,0.0,21.4,2.6,10.0,0.7,1.1,4.7,0.3,2.1,0.0,0.0,0.0,0.0,0.0,2.7,85168,162724
68,Chelsea and Clinton,10011,Higher-Income,45.0,12.0,3.4609519445239427,2.3091374865767196,,21.0,2.3,2.8,6.5,7.6,3.1,39.6,38.0,94.9,77.6,79.4,4.6,0.1,0.0,0.0,0.0,0.0,10.1,1.8,3.7,1.1,0.7,1.6,0.3,1.0,0.0,0.0,0.0,0.0,0.0,2.8,114134,194277
69,Chelsea and Clinton,10018,Higher-Income,24.0,8.0,4.468954037800687,1.2022769690182904,,14.0,4.0,2.4,8.4,10.3,2.8,40.1,32.0,93.6,72.2,59.1,5.5,0.0,0.0,0.0,0.0,0.0,29.3,5.3,8.2,0.7,1.6,10.4,0.3,2.9,0.0,0.0,0.0,0.0,0.0,2.1,105479,149153
70,Chelsea and Clinton,10019,Higher-Income,36.0,20.0,3.977611365735551,1.9358708318045075,7.0,16.0,3.0,2.5,9.6,8.5,4.7,38.2,33.5,94.5,71.7,69.8,6.5,0.5,0.0,0.0,0.0,0.0,16.1,3.2,7.0,1.2,1.7,1.7,0.2,1.1,0.1,0.0,0.0,0.0,0.1,3.7,94477,146207
71,Chelsea and Clinton,10020,Higher-Income,5.0,2.0,3.8512173913043477,2.025258799171843,1.0,1.0,0.0,0.0,0.0,0.0,0.0,0.0,0.0,0.0,0.0,0.0,0.0,0.0,0.0,0.0,0.0,0.0,0.0,0.0,0.0,0.0,0.0,0.0,0.0,0.0,0.0,0.0,0.0,0.0,0.0,0.0,0,0
72,Chelsea and Clinton,10036,Higher-Income,29.0,3.0,4.054505235176766,3.362611773472429,4.0,13.0,1.6,3.0,7.1,10.0,3.3,44.7,30.3,95.4,75.0,64.2,7.5,0.5,0.0,0.0,0.0,0.0,19.3,3.1,8.0,2.0,1.5,3.3,0.2,1.1,0.0,0.0,0.0,0.0,0.0,6.6,83812,121970
73,East Harlem,10029,Gentrifying,22.0,12.0,3.7611225556053145,1.2296431915462813,3.0,7.0,10.2,13.6,24.5,12.2,5.1,20.6,13.8,76.2,34.4,34.7,28.9,0.2,0.0,0.0,0.0,0.0,8.7,0.9,4.1,0.8,0.6,1.1,0.1,1.2,0.2,0.0,0.0,0.0,0.1,24.7,32500,63840
74,East Harlem,10035,Gentrifying,3.0,1.0,3.6776556776556775,1.4298611111111112,1.0,,13.6,18.2,23.1,15.3,5.2,14.5,10.1,68.2,24.6,21.9,41.9,0.8,0.0,0.0,0.0,0.0,5.5,0.7,1.6,1.1,0.6,0.4,0.0,1.1,0.1,0.1,0.0,0.0,0.0,25.7,26893,47836
75,Gramercy Park and Murray Hill,10010,Higher-Income,28.0,4.0,4.445559811462133,2.120969089390142,1.0,8.0,1.7,1.7,6.0,7.9,5.2,40.1,37.5,96.6,77.6,74.1,5.7,0.7,0.4,0.0,0.0,0.0,15.1,3.5,5.2,1.0,0.9,3.3,0.2,1.0,0.0,0.0,0.0,0.0,0.0,1.6,110142,163333
76,Gramercy Park and Murray Hill,10016,Higher-Income,26.0,3.0,3.923714916430148,1.8871294681778552,1.0,11.0,2.1,2.4,6.9,8.4,2.9,44.4,32.9,95.6,77.3,72.6,3.0,0.1,0.0,0.0,0.0,0.0,19.6,3.4,8.6,0.9,2.5,3.0,0.0,1.1,0.0,0.0,0.0,0.0,0.0,0.8,102703,148391
77,Gramercy Park and Murray Hill,10017,Higher-Income,22.0,10.0,4.357579326548471,1.5945387174833636,,6.0,0.7,1.4,5.4,9.6,2.4,43.6,36.9,97.9,80.5,72.4,3.0,0.0,0.0,0.0,0.0,0.0,22.6,2.7,9.4,1.5,3.8,1.1,0.6,3.5,0.0,0.0,0.0,0.0,0.0,0.4,106795,163683
78,Gramercy Park and Murray Hill,10022,Higher-Income,45.0,19.0,4.014056422164007,2.270458342826764,15.0,10.0,0.7,1.3,4.5,9.6,2.5,42.4,38.9,98.0,81.3,85.2,2.0,0.2,0.0,0.0,0.0,0.0,10.5,1.7,4.1,0.7,0.5,1.9,0.0,1.5,0.0,0.0,0.0,0.0,0.0,0.8,123693,224771
79,Greenwich Village and Soho,10012,Higher-Income,31.0,2.0,3.9048546564607256,1.402085124096509,,12.0,4.2,1.4,7.4,4.6,2.6,43.0,36.8,94.4,79.8,75.7,2.6,0.2,0.0,0.0,0.0,0.0,16.1,2.2,10.7,0.5,1.2,0.9,0.0,0.5,0.0,0.0,0.0,0.0,0.0,1.5,101815,149310
80,Greenwich Village and Soho,10013,Higher-Income,34.0,7.0,3.8932952647097316,2.0621345029239766,4.0,14.0,10.5,5.5,10.0,8.4,2.9,36.1,26.6,84.0,62.7,56.1,4.9,0.1,0.0,0.0,0.0,0.0,32.0,1.8,26.3,0.3,0.5,1.0,0.5,1.6,0.0,0.0,0.0,0.0,0.0,1.7,104167,246993
81,Greenwich Village and Soho,10014,Higher-Income,41.0,4.0,4.446353986398862,1.4383997785160576,2.0,26.0,0.1,1.0,5.5,6.9,2.4,49.2,34.8,98.9,84.0,88.9,1.3,0.4,0.0,0.0,0.0,0.0,5.6,1.2,2.2,0.3,0.4,0.6,0.4,0.5,0.0,0.0,0.0,0.0,0.0,1.8,119026,189369
82,Lower Manhattan,10004,Higher-Income,17.0,3.0,3.6527777777777772,1.9381294964028775,5.0,2.0,1.3,0.0,2.2,7.5,1.6,47.8,39.7,98.7,87.4,72.3,1.0,0.0,0.0,0.0,0.0,0.0,24.4,3.6,11.4,0.0,1.0,5.8,0.0,2.6,0.2,0.0,0.2,0.0,0.0,0.4,123056,173800
83,Lower Manhattan,10005,Gentrifying,24.0,2.0,4.670138888888889,1.0736301369863015,7.0,,0.5,0.9,3.5,3.4,3.4,46.8,41.5,98.6,88.3,73.8,2.8,0.0,0.0,0.0,0.0,0.0,18.7,5.2,7.5,0.0,2.2,2.4,0.0,1.3,0.0,0.0,0.0,0.0,0.0,2.4,130116,193229
84,Lower Manhattan,10006,Higher-Income,11.0,,4.366071428571429,1.7169811320754718,4.0,4.0,0.6,0.0,2.0,3.3,2.6,53.8,37.7,99.4,91.5,66.0,3.0,0.0,0.0,0.0,0.0,0.0,20.9,10.0,4.8,0.0,1.4,2.9,0.6,1.2,0.0,0.0,0.0,0.0,0.0,3.4,125364,174312
85,Lower Manhattan,10007,Higher-Income,24.0,4.0,3.3174603174603177,1.6896551724137931,7.0,3.0,2.3,4.4,7.8,6.9,0.9,34.9,42.7,93.2,77.6,71.1,5.8,0.0,0.0,0.0,0.0,0.0,15.8,2.3,7.6,0.9,1.3,2.8,0.1,0.8,0.0,0.0,0.0,0.0,0.0,1.6,234958,392959
86,Lower Manhattan,10038,Gentrifying,25.0,3.0,3.5348360655737703,1.575,5.0,4.0,11.6,4.6,13.8,7.9,2.1,35.2,24.8,83.8,60.0,50.3,8.7,0.3,0.0,0.0,0.0,0.0,33.5,3.9,24.1,0.4,0.3,2.2,0.4,2.2,0.0,0.0,0.0,0.0,0.0,4.7,82910,124754
87,Lower Manhattan,10280,Higher-Income,2.0,1.0,3.685185185185185,1.9166666666666667,,2.0,0.0,0.4,1.8,7.9,2.8,42.8,44.2,99.6,87.1,77.0,1.6,0.0,0.0,0.0,0.0,0.0,16.6,3.7,8.3,0.4,1.1,2.8,0.0,0.3,0.0,0.0,0.0,0.0,0.0,1.9,146875,205169
88,Lower East Side,10002,Gentrifying,16.0,8.0,4.089313282289665,1.707157977649781,,12.0,20.5,11.2,20.2,9.9,4.1,22.9,11.3,68.4,34.2,31.5,8.5,0.3,0.0,0.0,0.0,0.0,42.7,1.1,38.4,0.4,0.4,0.6,0.2,1.6,0.0,0.0,0.0,0.0,0.0,13.4,35594,64196
89,Lower East Side,10003,Gentrifying,54.0,6.0,4.118281930074438,1.5759643116505861,,23.0,2.2,1.7,6.0,7.5,2.7,43.1,36.8,96.1,79.8,77.5,4.4,0.2,0.0,0.1,0.0,0.0,12.9,1.7,6.1,0.6,1.4,2.0,0.2,1.0,0.0,0.0,0.0,0.0,0.0,2.1,100791,171737
90,Lower East Side,10009,Gentrifying,3.0,2.0,3.8253540350583606,1.8899303563191232,,8.0,7.3,5.5,13.6,10.1,4.5,36.8,22.3,87.3,59.1,60.6,8.2,0.1,0.0,0.0,0.0,0.0,13.5,1.9,7.8,1.0,0.8,1.3,0.1,0.7,0.1,0.0,0.0,0.1,0.0,14.2,60788,85897
91,Upper East Side,10021,Higher-Income,28.0,7.0,4.03595854676532,2.010711692084241,8.0,8.0,0.5,1.1,5.6,7.6,3.2,40.5,41.5,98.4,82.0,82.7,1.3,0.7,0.0,0.0,0.0,0.0,9.5,4.2,1.7,1.3,0.4,1.0,0.3,0.5,0.1,0.0,0.0,0.0,0.1,2.3,115681,211624
92,Upper East Side,10028,Higher-Income,17.0,7.0,3.9516428192898783,2.0036075036075034,8.0,8.0,1.5,1.1,5.5,7.5,3.2,42.3,38.9,97.4,81.2,86.1,1.4,0.1,0.0,0.0,0.0,0.0,9.2,1.8,3.4,0.9,1.4,1.1,0.2,0.5,0.3,0.0,0.0,0.0,0.3,0.8,111302,199223
93,Upper East Side,10044,Higher-Income,1.0,,3.9038461538461537,1.3333333333333333,1.0,,4.9,6.3,14.4,8.4,3.2,23.3,39.6,88.9,62.9,53.1,14.6,0.0,0.0,0.0,0.0,0.0,25.9,1.8,15.4,0.4,1.7,4.3,0.4,1.8,0.0,0.0,0.0,0.0,0.0,2.2,86483,116564
94,Upper East Side,10065,Higher-Income,23.0,7.0,3.8462103174603177,2.5314159910539558,3.0,4.0,0.5,0.5,6.9,8.0,2.0,40.7,41.4,98.9,82.1,87.2,3.4,0.0,0.0,0.0,0.0,0.0,7.8,1.0,3.4,0.7,0.8,1.6,0.0,0.3,0.1,0.1,0.0,0.0,0.0,0.4,118310,220482
95,Upper East Side,10075,Higher-Income,4.0,1.0,3.3444444444444446,2.0,1.0,2.0,0.5,1.8,5.7,7.6,5.1,38.3,41.0,97.7,79.3,88.0,1.5,0.0,0.0,0.0,0.0,0.0,4.9,1.0,2.4,0.5,0.3,0.7,0.0,0.0,0.0,0.0,0.0,0.0,0.0,3.0,114481,204044
96,Upper East Side,10128,Higher-Income,22.0,10.0,3.545262759191727,1.8169869117237536,6.0,5.0,1.2,1.7,7.6,6.4,2.7,40.4,40.0,97.1,80.4,80.7,4.9,0.0,0.0,0.0,0.0,0.0,9.2,2.6,3.1,0.9,1.0,0.7,0.2,0.8,0.0,0.0,0.0,0.0,0.0,1.5,103817,176063
97,Upper West Side,10023,Higher-Income,25.0,5.0,3.7917663178873937,2.1613475177304964,11.0,1.0,1.3,1.6,7.2,7.6,2.3,31.7,48.4,97.1,80.1,82.1,3.4,0.2,0.0,0.0,0.0,0.0,10.4,1.7,5.0,0.5,1.0,0.9,0.1,1.2,0.0,0.0,0.0,0.0,0.0,1.8,115080,199343
98,Upper West Side,10024,Higher-Income,12.0,6.0,4.248423095584667,1.446236559139785,4.0,6.0,2.5,3.0,6.8,6.8,2.3,34.4,44.2,94.5,78.6,81.4,5.4,0.1,0.0,0.0,0.0,0.0,7.3,1.5,2.9,0.5,0.5,1.2,0.1,0.5,0.0,0.0,0.0,0.0,0.0,3.0,118594,212125
99,Upper West Side,10025,Higher-Income,18.0,10.0,3.023429047024553,1.7483432397349183,8.0,3.0,4.7,4.6,9.7,10.1,3.0,30.0,37.9,90.7,68.0,66.0,12.1,0.8,0.0,0.0,0.0,0.0,9.2,1.8,4.1,0.6,0.6,1.4,0.1,0.6,0.0,0.0,0.0,0.0,0.0,7.6,80025,136293
100,Inwood and Washington Heights,10031,Gentrifying,15.0,4.0,3.550462440785021,1.6256805341551104,,6.0,14.8,13.3,20.1,14.5,4.6,18.0,14.8,71.9,32.7,29.1,32.8,0.4,0.0,0.0,0.0,0.0,3.4,1.0,1.3,0.4,0.3,0.2,0.0,0.2,0.0,0.0,0.0,0.0,0.0,17.5,41848,60308
101,Inwood and Washington Heights,10032,Gentrifying,6.0,3.0,4.52978515625,1.8242857142857143,1.0,1.0,18.6,12.0,19.4,14.3,5.7,19.8,10.1,69.3,30.0,31.5,19.2,1.2,0.0,0.0,0.0,0.0,4.1,0.9,1.7,0.8,0.1,0.3,0.1,0.1,0.1,0.1,0.0,0.0,0.0,35.0,40054,55460
102,Inwood and Washington Heights,10033,Gentrifying,6.0,2.0,3.5113636363636362,1.4752475247524752,1.0,2.0,18.4,10.0,16.3,13.7,5.6,20.9,15.0,71.6,35.9,41.3,10.3,1.1,0.0,0.0,0.0,0.0,2.3,0.6,0.5,0.1,0.5,0.5,0.0,0.1,0.1,0.0,0.0,0.0,0.1,37.6,46349,66376
103,Inwood and Washington Heights,10034,Gentrifying,3.0,2.0,3.7032752403846154,1.7292103424178895,1.0,4.0,16.8,9.6,21.1,15.8,5.7,16.7,14.2,73.5,30.9,39.7,9.3,0.5,0.0,0.0,0.0,0.0,2.0,0.7,0.3,0.4,0.1,0.2,0.0,0.3,0.1,0.1,0.0,0.0,0.0,42.9,45643,62248
104,Inwood and Washington Heights,10040,Gentrifying,2.0,1.0,4.276162790697675,1.4126984126984128,,3.0,16.4,13.8,16.2,15.4,5.1,19.8,13.3,69.8,33.1,36.3,10.3,0.8,0.0,0.0,0.0,0.0,2.9,0.4,0.9,0.5,0.4,0.2,0.2,0.4,0.0,0.0,0.0,0.0,0.0,44.2,45811,59453
105,Northeast Queens,11361,Higher-Income,6.0,3.0,3.916122004357298,1.1174242424242424,1.0,2.0,6.9,4.3,21.9,15.0,9.6,25.1,17.3,88.8,42.3,50.6,2.5,0.0,0.0,0.0,0.0,0.0,39.0,2.4,16.3,0.7,0.4,16.9,0.1,2.1,0.0,0.0,0.0,0.0,0.0,5.3,81846,95852
106,Northeast Queens,11362,Higher-Income,2.0,,3.5526315789473686,1.7058823529411764,1.0,,4.7,4.3,18.0,16.6,8.3,27.2,20.9,91.0,48.1,51.5,2.4,0.0,0.0,0.0,0.0,0.0,40.7,1.3,23.2,0.3,0.0,13.4,0.6,1.8,0.0,0.0,0.0,0.0,0.0,2.2,82827,97361
107,Northeast Queens,11363,Higher-Income,,,3.7666666666666666,1.6,,,2.8,1.9,21.5,14.8,9.5,27.1,22.4,95.3,49.5,60.5,1.2,0.0,0.0,0.0,0.0,0.0,29.7,1.3,13.3,0.0,0.6,14.2,0.0,0.4,0.0,0.0,0.0,0.0,0.0,4.3,90443,119527
108,Northeast Queens,11364,Higher-Income,4.0,,3.3923076923076922,1.5357142857142858,1.0,,6.1,4.7,22.0,14.3,8.5,26.1,18.3,89.2,44.3,41.7,2.9,0.1,0.0,0.0,0.0,0.0,50.7,2.3,33.4,2.2,0.1,10.5,0.1,2.0,0.2,0.0,0.0,0.0,0.2,1.9,70408,91051
109,North Queens,11354,Higher-Income,,,,,,,12.4,13.3,27.8,12.7,11.5,14.7,7.5,74.3,22.2,22.2,3.5,0.3,0.0,0.0,0.0,0.0,60.6,3.2,37.4,1.8,0.3,15.1,0.1,2.8,0.0,0.0,0.0,0.0,0.0,10.2,43660,62668
110,North Queens,11355,Higher-Income,,,4.321428571428571,1.0476190476190477,,,15.3,14.4,29.0,9.1,10.8,13.7,7.7,70.3,21.4,12.6,3.4,0.4,0.0,0.0,0.0,0.0,73.7,5.9,56.6,1.6,0.1,4.4,0.4,4.7,0.1,0.0,0.0,0.0,0.1,7.4,38451,54563
111,North Queens,11356,Higher-Income,3.0,,3.6911764705882355,1.5384615384615385,1.0,1.0,11.2,10.0,34.7,15.0,7.3,15.5,6.3,78.8,21.8,35.4,2.0,0.7,0.0,0.0,0.0,0.0,31.8,2.2,22.0,1.9,0.1,3.8,0.1,1.7,0.2,0.2,0.0,0.0,0.0,26.6,57849,75187
112,North Queens,11357,Higher-Income,1.0,,3.74,1.6097560975609757,,1.0,7.8,6.5,25.8,15.5,7.9,22.8,13.6,85.6,36.5,72.3,0.5,0.2,0.1,0.0,0.1,0.0,20.9,0.7,11.5,0.6,0.6,6.5,0.1,0.9,0.0,0.0,0.0,0.0,0.0,3.6,74255,92293
113,North Queens,11358,Higher-Income,,1.0,3.5,1.7272727272727273,,,8.0,7.3,25.3,14.8,10.4,20.9,13.3,84.7,34.3,43.7,1.2,0.2,0.0,0.0,0.0,0.0,44.8,1.4,21.5,1.7,0.2,18.4,0.8,0.8,0.0,0.0,0.0,0.0,0.0,7.6,66173,87286
114,North Queens,11359,Higher-Income,,,3.8333333333333335,,,,0.0,0.0,0.0,0.0,0.0,0.0,0.0,0.0,0.0,0.0,0.0,0.0,0.0,0.0,0.0,0.0,0.0,0.0,0.0,0.0,0.0,0.0,0.0,0.0,0.0,0.0,0.0,0.0,0.0,0.0,0,0
115,North Queens,11360,Higher-Income,,,3.55,1.8333333333333335,,,4.3,3.1,21.1,13.5,7.5,28.6,21.9,92.6,50.5,65.8,1.7,0.3,0.0,0.0,0.0,0.0,25.8,0.7,10.9,0.5,0.2,13.0,0.1,0.5,0.0,0.0,0.0,0.0,0.0,4.8,82982,100007
116,Central Queens,11365,Higher-Income,2.0,,4.426282051282051,1.3484848484848484,1.0,,7.2,6.2,25.5,15.9,10.0,20.2,15.1,86.6,35.3,35.8,5.9,0.5,0.0,0.0,0.0,0.0,44.5,3.0,29.5,2.1,0.2,6.5,0.2,2.9,0.0,0.0,0.0,0.0,0.0,9.7,62509,81340
117,Central Queens,11366,Higher-Income,3.0,,3.24413834749292,1.4000822368421053,,,4.7,6.0,21.1,12.1,8.8,28.8,18.5,89.3,47.3,46.7,5.2,0.0,0.0,0.0,0.0,0.0,42.4,3.2,24.6,5.3,0.1,4.0,1.1,4.2,0.0,0.0,0.0,0.0,0.0,2.5,78223,100212
118,Central Queens,11367,Higher-Income,,,2.8721491228070173,1.4689754689754688,,,8.3,6.1,25.2,11.8,9.4,22.0,17.2,85.6,39.2,57.2,9.1,0.2,0.0,0.1,0.0,0.0,24.9,3.2,15.2,2.0,0.0,0.9,0.1,3.4,0.0,0.0,0.0,0.0,0.0,4.4,57310,75557
119,Jamaica,11412,Higher-Income,2.0,,3.182539682539683,1.275462962962963,,2.0,5.9,6.1,32.1,22.1,10.8,14.4,8.6,88.0,23.0,2.3,87.6,0.5,0.0,0.0,0.0,0.0,2.5,2.0,0.1,0.0,0.0,0.0,0.0,0.4,0.0,0.0,0.0,0.0,0.0,3.3,71995,83561
120,Jamaica,11423,Higher-Income,2.0,,3.80489417989418,1.1475694444444444,,,10.3,8.3,28.0,17.0,8.1,19.5,8.7,81.4,28.2,14.0,38.1,0.9,0.0,0.0,0.0,0.0,28.3,18.4,0.7,4.1,0.0,0.0,0.1,5.1,0.0,0.0,0.0,0.0,0.0,13.2,66070,82969
121,Jamaica,11432,Higher-Income,12.0,,4.366478527764936,1.230952380952381,2.0,2.0,13.9,8.0,21.6,12.6,8.0,23.0,13.0,78.1,35.9,22.7,16.1,0.4,0.0,0.0,0.0,0.0,41.6,12.5,3.5,4.9,0.1,0.3,0.0,20.3,0.0,0.0,0.0,0.0,0.0,15.3,52277,73715
122,Jamaica,11433,Higher-Income,5.0,,3.3873626373626373,1.1714285714285713,,,10.6,11.7,33.8,18.4,8.6,11.3,5.6,77.7,16.9,4.3,67.5,0.3,0.0,0.0,0.0,0.0,6.6,1.5,0.6,0.3,0.0,0.1,0.0,4.2,0.0,0.0,0.0,0.0,0.0,18.5,45820,61288
123,Jamaica,11434,Higher-Income,6.0,1.0,2.890366721401204,1.3662280701754383,,,5.2,8.7,32.8,23.2,7.7,15.1,7.2,86.1,22.3,2.8,88.8,0.0,0.0,0.0,0.0,0.0,1.6,0.7,0.2,0.3,0.0,0.2,0.0,0.1,0.0,0.0,0.0,0.0,0.0,5.1,57454,70080
124,Jamaica,11435,Higher-Income,10.0,,3.2259721203228175,1.5079828750714828,2.0,3.0,12.6,9.8,27.5,14.6,7.7,18.3,9.5,77.6,27.8,20.1,24.2,0.2,0.0,0.0,0.0,0.0,21.8,7.8,3.2,1.8,0.1,0.4,0.2,8.4,0.0,0.0,0.0,0.0,0.0,28.2,55268,68560
125,Jamaica,11436,Higher-Income,,2.0,2.988888888888889,1.5222222222222221,,,8.0,11.2,33.5,21.5,8.0,11.7,6.2,80.8,17.9,7.3,67.3,0.8,0.1,0.0,0.0,0.0,8.9,7.3,0.5,0.2,0.0,0.0,0.0,0.9,0.0,0.0,0.0,0.0,0.0,12.1,66837,80464
126,Northwest Queens,11101,Higher-Income,,,3.5,1.0,,,8.8,8.3,22.6,12.7,4.9,25.0,17.7,82.9,42.6,48.3,15.4,0.7,0.3,0.0,0.0,0.0,19.2,3.4,5.6,1.6,1.4,2.4,0.2,4.6,0.1,0.1,0.0,0.0,0.0,11.7,51964,84580
127,Northwest Queens,11102,Gentrifying,,,,,,,9.8,8.1,19.7,11.8,5.7,30.6,14.4,82.1,45.0,58.1,10.9,0.4,0.0,0.0,0.0,0.0,15.0,3.7,1.4,1.6,1.4,1.3,0.2,5.3,0.1,0.0,0.1,0.0,0.0,12.9,56674,77573
128,Northwest Queens,11103,Gentrifying,,,4.5,1.0,,,9.6,5.1,19.7,10.4,7.0,30.6,17.5,85.3,48.2,69.8,2.8,0.3,0.0,0.0,0.0,0.0,15.8,2.9,3.9,1.7,0.9,1.9,0.1,4.3,0.1,0.0,0.0,0.1,0.0,7.9,62775,79165
129,Northwest Queens,11104,Higher-Income,,,,,,,6.4,7.8,23.0,10.7,9.2,29.6,13.4,85.8,42.9,66.3,1.5,0.1,0.0,0.0,0.0,0.0,21.2,4.2,4.5,1.4,1.7,2.3,0.1,7.0,0.0,0.0,0.0,0.0,0.0,7.8,57155,75541
130,Northwest Queens,11105,Gentrifying,,,5.0,,,,8.3,6.3,19.7,12.3,6.0,31.7,15.8,85.4,47.5,74.4,2.2,0.3,0.0,0.0,0.1,0.0,13.3,3.6,2.5,1.4,0.6,1.0,0.2,4.1,0.0,0.0,0.0,0.0,0.0,7.1,62841,83883
131,Northwest Queens,11106,Gentrifying,,,4.5,1.0,,,8.2,6.1,19.8,12.0,6.9,29.9,17.0,85.7,46.9,55.5,7.0,0.2,0.0,0.0,0.0,0.0,20.7,2.7,4.2,2.8,1.6,2.7,0.3,6.4,0.0,0.0,0.0,0.0,0.0,12.2,56442,74291
132,West Central Queens,11374,Higher-Income,,,,,,,5.7,4.4,20.7,12.9,8.5,29.2,18.7,89.9,47.8,60.0,3.3,0.2,0.0,0.0,0.0,0.0,27.8,6.0,15.5,2.4,0.4,1.0,0.2,2.4,0.0,0.0,0.0,0.0,0.0,5.7,55550,74378
133,West Central Queens,11375,Higher-Income,2.0,2.0,3.6988976755331895,1.795929156753899,,1.0,4.0,2.8,16.0,11.6,6.6,31.3,27.8,93.3,59.1,63.2,3.2,0.4,0.1,0.0,0.0,0.0,26.7,4.6,15.8,1.2,1.4,1.0,0.2,2.4,0.1,0.0,0.0,0.0,0.1,3.2,72982,97809
134,West Central Queens,11379,Higher-Income,,,4.25,2.0,,,7.2,6.3,30.8,16.8,7.8,19.7,11.4,86.5,31.2,81.2,1.3,0.1,0.0,0.0,0.0,0.0,10.3,0.4,7.2,1.1,0.0,0.3,0.6,0.7,0.0,0.0,0.0,0.0,0.0,4.8,75320,87982
135,West Central Queens,11385,Higher-Income,21.0,10.0,4.474476600985222,1.473652801785143,2.0,17.0,10.5,7.7,33.0,18.3,6.4,16.1,8.0,81.8,24.1,82.3,2.3,0.2,0.0,0.0,0.0,0.0,6.7,0.7,2.9,1.3,0.2,0.4,0.1,1.2,0.0,0.0,0.0,0.0,0.0,6.5,60526,73244
136,Rockaways,11691,Higher-Income,1.0,,3.5337837837837838,1.2619047619047619,,,12.0,16.3,24.9,17.2,6.8,14.1,8.6,71.7,22.7,38.4,46.4,0.2,0.0,0.0,0.0,0.0,3.3,1.7,1.1,0.2,0.1,0.1,0.1,0.0,0.1,0.0,0.0,0.0,0.1,9.2,41190,56524
137,Rockaways,11692,Higher-Income,,,3.7403846153846154,1.4375,,,10.8,15.9,24.1,17.7,9.5,14.4,7.7,73.4,22.0,25.9,57.5,0.9,0.1,0.0,0.0,0.0,5.9,2.1,1.6,0.8,0.1,0.1,0.0,1.2,0.0,0.0,0.0,0.0,0.0,6.9,42333,61431
138,Rockaways,11693,Higher-Income,2.0,,4.007986111111111,1.5245535714285714,,3.0,4.8,12.0,30.6,19.2,7.9,16.2,9.4,83.3,25.5,57.5,23.3,0.0,0.0,0.0,0.0,0.0,6.7,1.3,2.9,0.9,0.3,0.0,0.0,1.4,0.0,0.0,0.0,0.0,0.0,8.0,53829,66518
139,Rockaways,11694,Higher-Income,2.0,1.0,3.739583333333333,1.7372093023255815,,1.0,4.3,6.7,21.6,20.5,8.0,22.1,16.9,89.0,38.9,81.7,7.9,0.6,0.0,0.0,0.0,0.0,3.1,1.0,1.0,0.3,0.0,0.1,0.0,0.7,0.0,0.0,0.0,0.0,0.0,5.7,79145,102487
140,Rockaways,11697,Higher-Income,,,3.9,1.6,,2.0,1.2,2.0,21.1,21.6,7.0,26.2,21.0,96.8,47.2,96.1,0.3,0.0,0.0,0.0,0.0,0.0,0.3,0.0,0.3,0.0,0.0,0.0,0.0,0.0,0.0,0.0,0.0,0.0,0.0,3.0,100909,120493
141,Southeast Queens,11004,Higher-Income,,1.0,3.3846153846153846,1.34375,,,4.8,4.2,29.2,12.7,10.1,22.6,16.4,91.0,39.0,49.5,7.2,0.2,0.0,0.0,0.0,0.0,35.8,24.6,2.6,3.4,0.2,0.0,0.0,5.0,0.0,0.0,0.0,0.0,0.0,2.6,91226,101875
142,Southeast Queens,11005,Higher-Income,,,2.5,2.0,,,0.5,0.6,24.0,24.8,3.4,25.8,20.9,98.9,46.7,99.0,0.0,0.0,0.0,0.0,0.0,0.0,0.0,0.0,0.0,0.0,0.0,0.0,0.0,0.0,0.0,0.0,0.0,0.0,0.0,0.0,63368,95190
143,Southeast Queens,11411,Higher-Income,,,3.159090909090909,1.4,,,4.0,5.5,27.8,22.5,9.2,18.4,12.6,90.5,31.0,2.3,92.4,0.3,0.0,0.0,0.0,0.0,0.7,0.2,0.3,0.0,0.0,0.0,0.0,0.1,0.0,0.0,0.0,0.0,0.0,2.2,81678,93405
144,Southeast Queens,11413,Higher-Income,2.0,,3.2452272727272726,1.3342105263157895,,2.0,4.0,7.0,27.4,24.4,10.7,16.5,10.0,89.0,26.5,2.4,91.2,0.2,0.0,0.0,0.0,0.0,1.2,0.6,0.4,0.1,0.0,0.0,0.0,0.0,0.3,0.0,0.2,0.0,0.1,2.6,80758,94573
145,Southeast Queens,11422,Higher-Income,1.0,1.0,3.9226190476190474,1.75,,,3.9,7.6,27.0,23.5,10.2,17.8,9.9,88.5,27.8,6.6,87.4,0.0,0.0,0.0,0.0,0.0,1.5,0.2,0.7,0.1,0.0,0.0,0.0,0.5,0.0,0.0,0.0,0.0,0.0,2.3,85436,95359
146,Southeast Queens,11426,Higher-Income,2.0,1.0,3.638888888888889,1.5,1.0,1.0,4.3,6.8,31.7,14.9,6.2,20.4,15.6,88.9,36.0,41.5,3.9,0.3,0.0,0.0,0.0,0.0,44.6,28.1,6.4,3.7,0.0,0.2,0.0,6.2,0.0,0.0,0.0,0.0,0.0,6.7,77487,91834
147,Southeast Queens,11427,Higher-Income,1.0,,2.693872549019608,1.5928571428571427,,,6.4,7.4,29.2,15.8,9.6,19.3,12.3,86.2,31.6,28.2,23.3,0.2,0.0,0.0,0.0,0.0,32.5,14.0,4.6,5.5,0.2,1.1,0.1,7.2,0.0,0.0,0.0,0.0,0.0,9.8,65494,90671
148,Southeast Queens,11428,Higher-Income,1.0,,3.7051282051282053,1.1600000000000001,,,9.1,9.3,35.6,16.0,12.7,12.5,4.8,81.7,17.3,22.6,19.5,0.0,0.0,0.0,0.0,0.0,28.3,18.0,1.3,3.9,0.0,0.3,0.1,4.7,0.4,0.0,0.0,0.0,0.4,18.4,68675,77930
149,Southeast Queens,11429,Higher-Income,2.0,,3.151515151515152,1.3833333333333333,,,6.9,7.9,30.4,22.4,10.7,14.5,7.1,85.2,21.6,4.3,78.5,0.4,0.0,0.0,0.0,0.0,3.2,1.5,0.3,0.3,0.0,0.2,0.0,0.9,0.2,0.0,0.0,0.0,0.2,10.3,77037,85392
150,Southwest Queens,11414,Higher-Income,3.0,,3.4856321839080464,1.9230769230769231,1.0,1.0,7.0,8.6,30.8,16.4,9.9,18.2,9.1,84.4,27.3,79.4,1.8,0.0,0.0,0.0,0.0,0.0,4.1,1.1,1.2,0.8,0.0,0.0,0.0,1.0,0.0,0.0,0.0,0.0,0.0,10.1,70490,92838
151,Southwest Queens,11415,Higher-Income,4.0,,3.721164613661814,1.377867746288799,2.0,1.0,4.5,5.2,17.4,14.9,10.7,28.0,19.3,90.3,47.3,60.0,6.3,0.1,0.0,0.0,0.0,0.0,19.6,6.2,4.3,1.6,0.3,0.5,0.1,6.4,0.0,0.0,0.0,0.0,0.0,10.4,64055,83408
152,Southwest Queens,11416,Higher-Income,,,3.39975845410628,1.3121621621621622,,1.0,14.8,11.2,30.3,14.2,7.7,15.9,5.8,74.0,21.7,27.9,5.9,0.1,0.0,0.0,0.0,0.0,34.4,25.8,4.2,1.4,0.0,0.0,0.0,3.1,0.2,0.0,0.0,0.0,0.2,25.3,59092,73037
153,Southwest Queens,11417,Higher-Income,3.0,1.0,3.559623498864005,1.3005847953216374,,5.0,10.7,11.7,31.9,15.7,7.0,15.6,7.4,77.6,23.0,37.9,6.9,0.3,0.0,0.0,0.0,0.0,29.0,20.6,3.0,1.7,0.1,0.2,0.0,3.4,0.0,0.0,0.0,0.0,0.0,20.3,66978,80408
154,Southwest Queens,11418,Higher-Income,5.0,3.0,2.998816287878788,1.3894707136585978,2.0,6.0,13.4,11.3,28.3,13.8,6.8,17.5,8.9,75.3,26.4,39.2,7.2,0.8,0.2,0.0,0.0,0.0,25.4,18.9,1.9,1.2,0.2,0.1,0.1,3.0,0.0,0.0,0.0,0.0,0.0,21.8,63079,77312
155,Southwest Queens,11419,Higher-Income,3.0,2.0,3.5058656957928798,1.6255555555555556,,,17.0,11.1,34.0,13.5,5.5,14.8,4.1,71.9,18.9,11.8,17.4,1.0,0.0,0.0,0.0,0.0,29.3,23.3,1.0,1.0,0.0,0.1,0.1,3.8,0.0,0.0,0.0,0.0,0.0,33.6,62014,78361
156,Southwest Queens,11420,Higher-Income,1.0,,3.60042735042735,1.4660633484162897,,1.0,12.7,13.5,32.0,18.1,7.0,12.4,4.4,73.8,16.8,17.5,24.8,1.7,0.0,0.0,0.0,0.1,24.9,22.5,1.1,0.6,0.0,0.0,0.1,0.6,0.1,0.0,0.0,0.0,0.1,24.9,61484,79070
157,Southwest Queens,11421,Higher-Income,8.0,2.0,3.431190994916485,1.435972850678733,,10.0,14.3,9.7,30.3,15.7,8.3,15.3,6.3,76.0,21.6,48.4,4.4,0.8,0.0,0.0,0.0,0.0,20.3,7.2,7.0,2.9,0.0,0.2,0.6,2.3,0.0,0.0,0.0,0.0,0.0,20.6,64544,81865
158,West Queens,11368,Higher-Income,,,4.5,,,,27.7,11.9,31.9,11.5,5.4,8.4,3.3,60.4,11.7,41.5,12.1,1.0,0.1,0.0,0.0,0.0,11.4,2.2,6.5,0.6,0.0,0.4,0.0,1.8,0.0,0.0,0.0,0.0,0.0,31.7,45980,57738
159,West Queens,11369,Higher-Income,,,,,,,15.0,8.6,37.1,13.7,7.7,11.8,6.1,76.4,17.9,24.5,15.8,0.1,0.0,0.0,0.0,0.0,14.2,4.5,3.0,1.6,0.1,0.2,0.0,4.8,0.0,0.0,0.0,0.0,0.0,41.8,51864,66832
160,West Queens,11370,Higher-Income,,,,,,,10.6,16.4,32.9,11.9,7.2,12.7,8.3,73.0,21.0,39.7,14.6,0.9,0.0,0.0,0.0,0.0,22.4,6.0,6.7,1.3,0.1,1.0,0.4,7.1,0.0,0.0,0.0,0.0,0.0,20.4,53293,79793
161,West Queens,11372,Higher-Income,1.0,,4.5,1.0,,,14.1,11.2,27.0,11.8,7.4,18.8,9.6,74.6,28.4,61.8,2.5,0.2,0.0,0.0,0.0,0.0,20.2,6.2,5.3,1.0,0.9,0.4,0.3,6.1,0.2,0.0,0.0,0.0,0.2,12.5,52792,66921
162,West Queens,11373,Higher-Income,,,,,,,17.2,10.1,28.2,12.1,6.4,18.1,8.0,72.7,26.1,29.7,2.4,0.5,0.0,0.0,0.0,0.0,49.8,5.5,22.9,7.2,0.4,2.0,0.3,11.5,0.0,0.0,0.0,0.0,0.0,15.2,45677,61210
163,West Queens,11377,Higher-Income,,,4.2,1.0,,,14.3,10.7,27.5,10.9,7.9,19.9,8.7,75.0,28.6,48.9,2.5,0.3,0.0,0.0,0.0,0.0,37.1,7.1,12.2,4.4,0.8,2.7,0.4,9.5,0.0,0.0,0.0,0.0,0.0,8.0,51675,66425
164,West Queens,11378,Higher-Income,,,4.142857142857143,1.0,,,7.8,6.3,34.7,16.4,8.0,18.0,8.9,86.0,26.9,74.8,1.9,0.3,0.0,0.0,0.0,0.0,10.2,0.4,6.7,1.8,0.0,0.6,0.3,0.4,0.1,0.1,0.0,0.0,0.0,10.2,61631,79080
165,Port Richmond,10302,Higher-Income,,,,,,,5.1,9.7,36.9,20.0,7.0,14.4,6.8,85.2,21.2,60.5,18.5,0.4,0.0,0.0,0.0,0.0,7.8,1.7,1.0,2.5,0.0,0.6,0.1,1.9,0.0,0.0,0.0,0.0,0.0,8.5,55864,70149
166,Port Richmond,10303,Higher-Income,,,,,,,5.6,13.3,29.0,19.5,7.5,16.9,8.2,81.1,25.1,40.2,38.0,0.3,0.0,0.0,0.0,0.0,8.4,3.0,1.7,1.9,0.0,0.4,0.0,1.5,0.0,0.0,0.0,0.0,0.0,10.0,55198,65167
167,Port Richmond,10310,Higher-Income,,,,,,,6.3,7.2,28.7,17.7,9.6,17.3,13.2,86.5,30.5,60.4,21.8,0.0,0.0,0.0,0.0,0.0,6.0,1.9,1.5,1.3,0.0,0.2,0.0,1.1,0.0,0.0,0.0,0.0,0.0,7.3,69201,85787
168,South Shore,10306,Higher-Income,,,,,,,3.5,6.1,34.0,18.6,7.2,18.1,12.4,90.4,30.5,89.0,2.5,0.0,0.0,0.0,0.0,0.0,5.2,0.8,2.8,0.6,0.0,0.2,0.1,0.7,0.0,0.0,0.0,0.0,0.0,2.1,78745,94409
169,South Shore,10307,Higher-Income,,,,,,,3.8,4.1,29.2,18.3,12.4,20.2,12.1,92.1,32.2,93.8,0.2,0.2,0.1,0.0,0.0,0.0,3.1,0.6,0.8,0.6,0.0,0.2,0.6,0.2,0.0,0.0,0.0,0.0,0.0,1.3,77278,107562
170,South Shore,10308,Higher-Income,,,,,,,3.1,4.8,35.7,18.1,8.0,18.5,11.8,92.1,30.3,92.6,0.3,0.3,0.0,0.0,0.0,0.0,5.0,0.1,3.3,0.3,0.0,0.3,0.0,1.0,0.0,0.0,0.0,0.0,0.0,0.7,87493,99017
171,South Shore,10309,Higher-Income,,,,,,,2.6,4.8,30.7,21.5,8.8,19.4,12.2,92.6,31.6,89.5,1.3,0.2,0.0,0.0,0.0,0.0,5.0,0.5,2.4,0.4,0.0,0.5,0.0,1.3,0.0,0.0,0.0,0.0,0.0,2.9,93248,113839
172,South Shore,10312,Higher-Income,,,,,,,2.6,4.7,31.5,18.9,7.6,22.0,12.7,92.8,34.7,91.7,1.0,0.1,0.0,0.0,0.0,0.0,5.4,0.8,2.4,0.7,0.1,0.7,0.0,0.7,0.1,0.0,0.0,0.0,0.1,0.7,88567,105244
173,Stapleton and St. George,10301,Higher-Income,,,,,,,6.7,7.9,26.3,17.5,6.8,18.8,16.0,85.4,34.9,53.7,28.4,0.2,0.0,0.0,0.0,0.0,6.1,1.6,1.8,0.5,0.1,0.3,0.0,1.6,0.0,0.0,0.0,0.0,0.0,6.6,55700,76284
174,Stapleton and St. George,10304,Higher-Income,,,4.833333333333333,,,,8.2,8.8,30.5,15.5,6.4,16.9,13.7,83.0,30.7,52.8,26.6,0.5,0.0,0.0,0.0,0.0,8.9,1.6,4.5,1.3,0.0,0.4,0.1,0.9,0.0,0.0,0.0,0.0,0.0,8.4,53843,85549
175,Stapleton and St. George,10305,Higher-Income,,,3.0,4.0,,,6.3,6.4,30.3,16.5,8.4,19.3,12.8,87.3,32.1,76.1,4.9,0.9,0.0,0.0,0.0,0.0,11.5,2.1,5.9,2.1,0.0,0.6,0.1,0.7,0.0,0.0,0.0,0.0,0.0,3.9,74063,85898
176,Mid-Island,10314,Higher-Income,,,,,,,3.8,5.9,32.3,17.6,8.5,18.4,13.5,90.2,31.9,76.6,4.6,0.1,0.0,0.0,0.0,0.0,14.0,3.0,3.9,1.7,0.0,1.9,0.2,3.3,0.2,0.0,0.0,0.0,0.2,2.3,77761,95363
