,category_african,category_bagels,category_bakeries,category_bars,category_bbq,category_beerbar,category_breakfast_brunch,category_bubbletea,category_buffets,category_burgers,category_cafes,category_cafeteria,category_candy,category_caribbean,category_chicken_wings,category_chickenshop,category_chinese,category_cocktailbars,category_coffee,category_convenience,category_creperies,category_cuban,category_cupcakes,category_customcakes,category_delis,category_desserts,category_diners,category_divebars,category_dog_parks,category_dominican,category_donuts,category_falafel,category_fishnchips,category_foodstands,category_foodtrucks,category_french,category_gastropubs,category_gaybars,category_gelato,category_gourmet,category_greek,category_grocery,category_halal,category_hookah_bars,category_hotdogs,category_icecream,category_indpak,category_irish_pubs,category_italian,category_japanese,category_juicebars,category_kosher,category_landmarks,category_latin,category_localflavor,category_mediterranean,category_mexican,category_mideastern,category_modern_european,category_moroccan,category_museums,category_newamerican,category_parks,category_peruvian,category_pizza,category_publicart,category_pubs,category_puertorican,category_restaurants,category_salad,category_sandwiches,category_seafood,category_soulfood,category_spanish,category_sportsbars,category_steak,category_streetvendors,category_sushi,category_tacos,category_tapas,category_tapasmallplates,category_tex-mex,category_thai,category_tobaccoshops,category_tradamerican,category_vegetarian,category_vietnamese,category_wine_bars,rent
2011-11-01,0.0,0.0,8.0,2.0,1.0,0.0,1.0,0.0,0.0,5.0,2.0,0.0,0.0,1.0,2.0,0.0,15.0,0.0,5.0,1.0,0.0,1.0,0.0,1.0,4.0,1.0,2.0,1.0,0.0,0.0,3.0,0.0,0.0,4.0,0.0,3.0,0.0,0.0,0.0,1.0,0.0,1.0,0.0,0.0,7.0,1.0,2.0,0.0,3.0,2.0,0.0,0.0,1.0,8.0,0.0,1.0,17.0,1.0,0.0,0.0,2.0,1.0,4.0,0.0,12.0,1.0,1.0,2.0,3.0,0.0,3.0,2.0,0.0,3.0,0.0,1.0,0.0,1.0,0.0,0.0,1.0,0.0,1.0,0.0,3.0,0.0,0.0,0.0,1531.857142857143
2011-12-01,0.0,0.0,8.0,2.0,1.0,0.0,1.0,0.0,0.0,5.0,3.0,0.0,0.0,1.0,2.0,0.0,15.0,0.0,5.0,1.0,0.0,1.0,0.0,1.0,4.0,1.0,2.0,1.0,0.0,0.0,3.0,0.0,0.0,4.0,0.0,3.0,0.0,0.0,0.0,1.0,0.0,1.0,0.0,0.0,7.0,1.0,2.0,0.0,3.0,2.0,0.0,0.0,1.0,9.0,0.0,1.0,17.0,1.0,0.0,0.0,2.0,1.0,4.0,0.0,12.0,1.0,1.0,2.0,3.0,0.0,3.0,2.0,0.0,3.0,0.0,1.0,0.0,1.0,0.0,0.0,1.0,0.0,1.0,0.0,3.0,0.0,0.0,0.0,1493.7142857142858
2012-01-01,0.0,0.0,8.0,2.0,1.0,0.0,1.0,0.0,0.0,5.0,3.0,0.0,0.0,1.0,2.0,0.0,15.0,0.0,5.0,1.0,0.0,1.0,0.0,1.0,4.0,1.0,2.0,1.0,0.0,0.0,3.0,0.0,0.0,4.0,0.0,3.0,0.0,0.0,0.0,1.0,0.0,1.0,0.0,0.0,7.0,1.0,2.0,0.0,3.0,2.0,0.0,0.0,1.0,9.0,0.0,1.0,17.0,1.0,0.0,0.0,2.0,1.0,4.0,0.0,12.0,1.0,1.0,2.0,4.0,0.0,3.0,2.0,0.0,3.0,0.0,1.0,0.0,1.0,0.0,0.0,1.0,0.0,1.0,0.0,3.0,0.0,0.0,0.0,1414.4285714285713
2012-02-01,0.0,0.0,8.0,2.0,1.0,0.0,1.0,0.0,0.0,5.0,3.0,0.0,0.0,1.0,2.0,0.0,15.0,0.0,5.0,1.0,0.0,1.0,0.0,1.0,5.0,1.0,2.0,1.0,0.0,0.0,3.0,0.0,0.0,4.0,0.0,3.0,0.0,0.0,0.0,1.0,0.0,1.0,0.0,0.0,7.0,1.0,3.0,0.0,3.0,2.0,0.0,0.0,1.0,9.0,0.0,1.0,17.0,1.0,0.0,0.0,2.0,1.0,4.0,0.0,12.0,1.0,1.0,2.0,4.0,0.0,3.0,2.0,0.0,3.0,0.0,1.0,0.0,1.0,0.0,0.0,1.0,0.0,1.0,0.0,3.0,0.0,0.0,0.0,1414.4285714285713
2012-03-01,,,,,,,,,,,,,,,,,,,,,,,,,,,,,,,,,,,,,,,,,,,,,,,,,,,,,,,,,,,,,,,,,,,,,,,,,,,,,,,,,,,,,,,,,1446.142857142857
2012-04-01,0.0,0.0,8.0,2.0,1.0,0.0,1.0,0.0,0.0,5.0,3.0,0.0,0.0,1.0,2.0,0.0,15.0,1.0,5.0,1.0,0.0,1.0,0.0,1.0,5.0,1.0,2.0,1.0,0.0,0.0,3.0,0.0,0.0,4.0,0.0,3.0,0.0,0.0,0.0,1.0,0.0,1.0,0.0,0.0,7.0,1.0,3.0,0.0,4.0,2.0,0.0,0.0,1.0,9.0,0.0,1.0,18.0,1.0,0.0,0.0,2.0,1.0,4.0,0.0,12.0,1.0,1.0,2.0,4.0,0.0,3.0,2.0,0.0,3.0,0.0,1.0,0.0,1.0,0.0,0.0,1.0,0.0,1.0,0.0,3.0,0.0,0.0,0.0,1499.2857142857142
2012-05-01,0.0,0.0,8.0,2.0,1.0,0.0,1.0,0.0,0.0,5.0,3.0,0.0,0.0,2.0,2.0,0.0,15.0,1.0,5.0,1.0,0.0,1.0,0.0,1.0,5.0,1.0,2.0,1.0,0.0,0.0,3.0,0.0,0.0,5.0,0.0,3.0,0.0,0.0,0.0,1.0,0.0,1.0,0.0,0.0,7.0,2.0,3.0,0.0,4.0,2.0,0.0,0.0,1.0,9.0,0.0,1.0,18.0,2.0,0.0,0.0,2.0,1.0,4.0,0.0,12.0,1.0,1.0,2.0,4.0,0.0,3.0,3.0,0.0,3.0,0.0,1.0,0.0,1.0,0.0,0.0,1.0,0.0,1.0,0.0,3.0,0.0,0.0,0.0,1517.7142857142858
2012-06-01,0.0,0.0,8.0,2.0,1.0,0.0,1.0,0.0,0.0,5.0,3.0,0.0,0.0,2.0,2.0,0.0,16.0,1.0,5.0,1.0,0.0,1.0,0.0,1.0,5.0,1.0,2.0,1.0,0.0,0.0,3.0,0.0,0.0,5.0,0.0,3.0,0.0,0.0,0.0,1.0,0.0,1.0,0.0,0.0,7.0,2.0,3.0,0.0,4.0,2.0,0.0,0.0,1.0,9.0,0.0,1.0,18.0,2.0,0.0,0.0,2.0,1.0,4.0,0.0,12.0,1.0,1.0,2.0,4.0,0.0,3.0,3.0,0.0,3.0,1.0,1.0,0.0,1.0,0.0,0.0,1.0,0.0,1.0,0.0,3.0,0.0,0.0,0.0,1478.2857142857142
2012-07-01,0.0,0.0,8.0,2.0,1.0,0.0,1.0,0.0,0.0,5.0,3.0,1.0,0.0,2.0,2.0,0.0,16.0,1.0,5.0,1.0,0.0,1.0,0.0,1.0,5.0,1.0,2.0,1.0,0.0,0.0,3.0,0.0,0.0,5.0,0.0,3.0,0.0,0.0,0.0,1.0,0.0,1.0,0.0,0.0,7.0,2.0,3.0,0.0,4.0,2.0,0.0,0.0,1.0,9.0,0.0,1.0,18.0,2.0,0.0,0.0,2.0,1.0,4.0,0.0,12.0,1.0,1.0,2.0,4.0,0.0,3.0,3.0,0.0,3.0,1.0,1.0,0.0,1.0,0.0,1.0,1.0,0.0,1.0,0.0,3.0,0.0,0.0,0.0,1516.0
2012-08-01,0.0,0.0,8.0,2.0,1.0,0.0,1.0,0.0,0.0,5.0,3.0,1.0,0.0,2.0,2.0,0.0,16.0,1.0,5.0,1.0,0.0,1.0,0.0,1.0,5.0,1.0,2.0,1.0,0.0,0.0,3.0,0.0,0.0,5.0,0.0,3.0,0.0,0.0,0.0,1.0,0.0,1.0,0.0,0.0,7.0,2.0,3.0,0.0,4.0,2.0,0.0,0.0,1.0,9.0,0.0,1.0,18.0,2.0,0.0,0.0,2.0,1.0,4.0,0.0,12.0,1.0,1.0,2.0,4.0,0.0,3.0,3.0,0.0,3.0,1.0,1.0,1.0,1.0,0.0,1.0,1.0,0.0,1.0,0.0,3.0,0.0,0.0,0.0,1489.857142857143
2012-09-01,0.0,0.0,8.0,2.0,1.0,0.0,1.0,0.0,0.0,5.0,3.0,1.0,0.0,2.0,2.0,0.0,16.0,1.0,5.0,1.0,0.0,1.0,0.0,1.0,5.0,1.0,2.0,1.0,0.0,0.0,3.0,0.0,1.0,5.0,0.0,3.0,0.0,0.0,0.0,1.0,0.0,1.0,0.0,0.0,7.0,2.0,3.0,0.0,4.0,2.0,0.0,0.0,1.0,9.0,0.0,1.0,19.0,3.0,0.0,0.0,2.0,1.0,4.0,0.0,13.0,1.0,1.0,2.0,4.0,0.0,3.0,3.0,0.0,3.0,1.0,1.0,1.0,1.0,0.0,1.0,1.0,0.0,1.0,0.0,3.0,0.0,0.0,0.0,1478.7142857142858
2012-10-01,0.0,0.0,9.0,2.0,1.0,0.0,1.0,0.0,0.0,6.0,3.0,1.0,0.0,2.0,2.0,0.0,19.0,1.0,5.0,1.0,0.0,1.0,0.0,1.0,5.0,2.0,2.0,1.0,0.0,0.0,3.0,0.0,1.0,5.0,0.0,3.0,0.0,0.0,0.0,1.0,0.0,1.0,0.0,0.0,7.0,2.0,3.0,0.0,4.0,2.0,1.0,0.0,1.0,9.0,0.0,1.0,19.0,3.0,0.0,0.0,2.0,1.0,4.0,0.0,15.0,1.0,1.0,2.0,4.0,0.0,4.0,3.0,0.0,3.0,1.0,1.0,1.0,1.0,0.0,1.0,1.0,0.0,1.0,0.0,3.0,0.0,0.0,0.0,1457.2857142857142
2012-11-01,0.0,0.0,10.0,2.0,1.0,0.0,1.0,0.0,0.0,6.0,3.0,1.0,0.0,2.0,2.0,0.0,19.0,1.0,5.0,1.0,0.0,1.0,0.0,1.0,5.0,2.0,2.0,1.0,0.0,0.0,4.0,0.0,1.0,5.0,0.0,3.0,0.0,0.0,0.0,1.0,0.0,1.0,0.0,0.0,7.0,2.0,3.0,0.0,4.0,2.0,1.0,0.0,1.0,9.0,0.0,1.0,20.0,3.0,0.0,0.0,2.0,1.0,4.0,0.0,15.0,1.0,1.0,2.0,4.0,0.0,4.0,3.0,0.0,3.0,1.0,1.0,1.0,1.0,0.0,1.0,1.0,0.0,1.0,0.0,3.0,1.0,0.0,0.0,1477.857142857143
2012-12-01,0.0,0.0,10.0,2.0,1.0,0.0,1.0,0.0,0.0,7.0,3.0,1.0,0.0,2.0,2.0,0.0,20.0,1.0,5.0,1.0,0.0,1.0,0.0,1.0,5.0,2.0,2.0,1.0,0.0,0.0,4.0,0.0,1.0,5.0,0.0,3.0,1.0,0.0,0.0,1.0,0.0,1.0,0.0,0.0,7.0,2.0,3.0,0.0,4.0,2.0,1.0,1.0,1.0,9.0,0.0,1.0,20.0,3.0,0.0,0.0,2.0,1.0,4.0,0.0,17.0,1.0,1.0,2.0,5.0,0.0,4.0,3.0,0.0,3.0,1.0,1.0,1.0,1.0,0.0,1.0,1.0,0.0,1.0,0.0,4.0,1.0,0.0,0.0,1477.857142857143
2013-01-01,0.0,0.0,10.0,2.0,1.0,0.0,1.0,0.0,0.0,7.0,3.0,1.0,0.0,2.0,3.0,0.0,21.0,1.0,5.0,1.0,0.0,1.0,0.0,1.0,5.0,2.0,2.0,1.0,0.0,0.0,4.0,0.0,1.0,5.0,0.0,3.0,1.0,0.0,0.0,1.0,0.0,1.0,0.0,0.0,7.0,2.0,3.0,0.0,4.0,2.0,1.0,1.0,1.0,9.0,0.0,1.0,20.0,3.0,0.0,0.0,2.0,1.0,4.0,0.0,18.0,1.0,1.0,2.0,5.0,0.0,4.0,3.0,0.0,3.0,2.0,1.0,1.0,1.0,0.0,1.0,1.0,0.0,1.0,0.0,4.0,1.0,0.0,0.0,1414.4285714285713
2013-02-01,0.0,0.0,10.0,2.0,1.0,0.0,1.0,0.0,0.0,7.0,3.0,1.0,0.0,2.0,3.0,0.0,21.0,1.0,5.0,1.0,0.0,1.0,0.0,1.0,5.0,2.0,2.0,1.0,0.0,0.0,4.0,0.0,1.0,5.0,0.0,3.0,1.0,0.0,0.0,1.0,0.0,1.0,0.0,0.0,7.0,2.0,3.0,0.0,5.0,2.0,1.0,1.0,1.0,9.0,0.0,1.0,20.0,3.0,0.0,0.0,2.0,1.0,4.0,0.0,18.0,1.0,1.0,2.0,5.0,0.0,4.0,3.0,0.0,3.0,2.0,1.0,1.0,1.0,0.0,1.0,1.0,0.0,1.0,0.0,4.0,1.0,0.0,0.0,1457.2857142857142
2013-03-01,0.0,0.0,10.0,2.0,1.0,0.0,1.0,0.0,0.0,7.0,3.0,1.0,0.0,2.0,3.0,0.0,21.0,1.0,5.0,1.0,0.0,1.0,0.0,1.0,5.0,2.0,2.0,1.0,0.0,0.0,5.0,0.0,1.0,5.0,0.0,3.0,1.0,0.0,0.0,1.0,0.0,1.0,0.0,0.0,7.0,2.0,3.0,0.0,5.0,2.0,1.0,1.0,1.0,9.0,0.0,1.0,20.0,3.0,0.0,0.0,2.0,1.0,4.0,0.0,18.0,1.0,1.0,2.0,5.0,0.0,4.0,3.0,0.0,3.0,2.0,1.0,1.0,1.0,0.0,1.0,1.0,0.0,1.0,0.0,4.0,1.0,1.0,0.0,1457.2857142857142
2013-04-01,0.0,0.0,10.0,2.0,1.0,0.0,1.0,0.0,0.0,7.0,3.0,1.0,0.0,2.0,3.0,0.0,21.0,1.0,5.0,1.0,0.0,1.0,0.0,1.0,5.0,2.0,2.0,1.0,1.0,0.0,5.0,0.0,1.0,5.0,0.0,3.0,1.0,0.0,0.0,1.0,0.0,1.0,1.0,0.0,7.0,2.0,3.0,0.0,5.0,2.0,1.0,1.0,1.0,9.0,0.0,1.0,20.0,3.0,0.0,0.0,2.0,1.0,4.0,0.0,18.0,1.0,1.0,2.0,5.0,0.0,4.0,3.0,0.0,3.0,2.0,1.0,1.0,1.0,0.0,1.0,1.0,0.0,1.0,0.0,4.0,1.0,1.0,0.0,1414.2665042944955
2013-05-01,0.0,1.0,10.0,2.0,1.0,0.0,1.0,0.0,0.0,7.0,3.0,1.0,0.0,2.0,3.0,0.0,22.0,1.0,6.0,1.0,0.0,1.0,0.0,1.0,5.0,2.0,2.0,1.0,1.0,0.0,5.0,0.0,1.0,5.0,0.0,3.0,1.0,0.0,0.0,1.0,0.0,1.0,1.0,0.0,7.0,2.0,3.0,0.0,5.0,2.0,1.0,1.0,1.0,9.0,0.0,1.0,20.0,3.0,0.0,0.0,2.0,1.0,4.0,0.0,19.0,1.0,1.0,2.0,5.0,0.0,4.0,3.0,0.0,3.0,2.0,2.0,1.0,1.0,0.0,1.0,1.0,0.0,1.0,0.0,4.0,1.0,1.0,0.0,1564.867717280199
2013-06-01,0.0,1.0,10.0,2.0,1.0,0.0,1.0,0.0,0.0,7.0,3.0,1.0,0.0,2.0,3.0,0.0,23.0,1.0,6.0,1.0,0.0,1.0,0.0,1.0,5.0,2.0,2.0,1.0,1.0,0.0,5.0,0.0,1.0,5.0,0.0,3.0,1.0,0.0,0.0,1.0,0.0,1.0,1.0,0.0,8.0,2.0,3.0,0.0,6.0,2.0,1.0,1.0,2.0,9.0,0.0,1.0,20.0,3.0,0.0,0.0,2.0,1.0,4.0,0.0,19.0,1.0,1.0,2.0,5.0,0.0,4.0,3.0,0.0,3.0,2.0,2.0,1.0,1.0,0.0,1.0,1.0,0.0,1.0,0.0,4.0,1.0,1.0,0.0,1588.037134662615
2013-07-01,0.0,1.0,10.0,2.0,1.0,0.0,1.0,0.0,0.0,7.0,3.0,1.0,0.0,4.0,3.0,0.0,24.0,1.0,6.0,1.0,0.0,1.0,0.0,1.0,5.0,2.0,2.0,1.0,1.0,0.0,5.0,0.0,1.0,5.0,0.0,3.0,1.0,0.0,0.0,1.0,0.0,1.0,1.0,0.0,8.0,2.0,3.0,0.0,6.0,2.0,1.0,1.0,2.0,10.0,0.0,1.0,20.0,3.0,0.0,0.0,2.0,1.0,4.0,0.0,19.0,1.0,1.0,2.0,5.0,0.0,5.0,3.0,0.0,3.0,2.0,2.0,1.0,1.0,0.0,1.0,1.0,0.0,1.0,0.0,4.0,1.0,1.0,0.0,1583.617717280199
2013-08-01,0.0,1.0,10.0,2.0,1.0,0.0,1.0,0.0,0.0,7.0,3.0,1.0,0.0,4.0,3.0,0.0,24.0,1.0,6.0,1.0,0.0,1.0,0.0,1.0,6.0,2.0,2.0,1.0,1.0,0.0,5.0,0.0,1.0,5.0,0.0,3.0,1.0,0.0,0.0,1.0,0.0,1.0,1.0,0.0,8.0,2.0,3.0,0.0,6.0,2.0,2.0,1.0,2.0,10.0,0.0,1.0,20.0,3.0,0.0,0.0,2.0,1.0,4.0,0.0,19.0,1.0,1.0,2.0,5.0,0.0,5.0,3.0,0.0,3.0,2.0,2.0,2.0,1.0,0.0,1.0,1.0,0.0,1.0,0.0,4.0,1.0,1.0,0.0,1669.1300955010706
2013-09-01,0.0,1.0,10.0,2.0,1.0,0.0,1.0,0.0,0.0,7.0,3.0,1.0,0.0,4.0,3.0,0.0,24.0,1.0,6.0,1.0,0.0,1.0,0.0,1.0,7.0,2.0,2.0,1.0,1.0,0.0,5.0,0.0,1.0,5.0,0.0,3.0,1.0,0.0,0.0,1.0,0.0,1.0,1.0,0.0,8.0,2.0,3.0,0.0,6.0,2.0,2.0,1.0,2.0,10.0,0.0,1.0,20.0,3.0,0.0,0.0,2.0,1.0,4.0,0.0,19.0,1.0,1.0,2.0,5.0,0.0,5.0,3.0,0.0,3.0,2.0,2.0,2.0,1.0,0.0,1.0,1.0,0.0,1.0,0.0,4.0,1.0,1.0,0.0,1692.2995128834866
2013-10-01,0.0,1.0,10.0,2.0,1.0,0.0,1.0,0.0,0.0,7.0,3.0,1.0,0.0,4.0,3.0,0.0,24.0,1.0,6.0,1.0,0.0,1.0,0.0,1.0,7.0,2.0,2.0,1.0,1.0,0.0,5.0,0.0,1.0,5.0,0.0,3.0,1.0,0.0,0.0,1.0,0.0,1.0,1.0,0.0,8.0,2.0,5.0,0.0,6.0,2.0,2.0,1.0,2.0,10.0,0.0,1.0,20.0,3.0,0.0,0.0,2.0,1.0,4.0,0.0,19.0,1.0,1.0,2.0,6.0,0.0,5.0,3.0,1.0,3.0,2.0,2.0,2.0,1.0,0.0,1.0,1.0,0.0,1.0,0.0,4.0,1.0,1.0,0.0,1706.6300955010706
2013-11-01,0.0,1.0,10.0,2.0,1.0,0.0,1.0,0.0,0.0,7.0,3.0,1.0,0.0,4.0,3.0,0.0,25.0,1.0,6.0,1.0,1.0,1.0,0.0,1.0,8.0,2.0,2.0,1.0,1.0,0.0,5.0,0.0,1.0,5.0,0.0,3.0,1.0,0.0,0.0,1.0,0.0,1.0,1.0,0.0,8.0,2.0,5.0,0.0,6.0,2.0,2.0,1.0,2.0,10.0,0.0,1.0,21.0,3.0,0.0,0.0,2.0,1.0,4.0,0.0,19.0,1.0,1.0,2.0,6.0,0.0,5.0,3.0,1.0,3.0,2.0,2.0,2.0,1.0,0.0,1.0,1.0,0.0,1.0,0.0,4.0,1.0,1.0,0.0,1645.9606781186549
2013-12-01,0.0,1.0,12.0,2.0,1.0,0.0,1.0,0.0,0.0,7.0,3.0,1.0,0.0,4.0,3.0,0.0,25.0,1.0,6.0,1.0,1.0,1.0,0.0,1.0,8.0,2.0,2.0,1.0,1.0,0.0,5.0,0.0,1.0,5.0,0.0,3.0,1.0,0.0,0.0,1.0,0.0,1.0,1.0,0.0,8.0,2.0,6.0,0.0,6.0,2.0,2.0,1.0,2.0,10.0,0.0,1.0,21.0,3.0,0.0,0.0,2.0,1.0,4.0,0.0,19.0,1.0,1.0,2.0,6.0,0.0,5.0,3.0,1.0,3.0,2.0,2.0,2.0,1.0,0.0,1.0,1.0,0.0,1.0,0.0,4.0,1.0,1.0,1.0,1692.2995128834866
2014-01-01,0.0,1.0,12.0,2.0,1.0,0.0,1.0,0.0,0.0,7.0,3.0,1.0,0.0,4.0,3.0,0.0,26.0,1.0,6.0,1.0,1.0,1.0,0.0,1.0,9.0,3.0,2.0,1.0,1.0,0.0,5.0,0.0,1.0,5.0,0.0,3.0,1.0,0.0,0.0,1.0,0.0,1.0,1.0,0.0,8.0,2.0,6.0,0.0,6.0,2.0,2.0,1.0,2.0,10.0,0.0,1.0,21.0,3.0,0.0,0.0,2.0,1.0,4.0,0.0,19.0,1.0,1.0,2.0,6.0,0.0,5.0,3.0,1.0,3.0,2.0,2.0,2.0,1.0,0.0,1.0,1.0,0.0,1.0,0.0,4.0,1.0,1.0,1.0,1692.2995128834866
2014-02-01,0.0,1.0,13.0,2.0,1.0,0.0,1.0,0.0,0.0,7.0,3.0,1.0,0.0,4.0,3.0,0.0,26.0,1.0,6.0,1.0,1.0,1.0,0.0,1.0,9.0,3.0,2.0,1.0,1.0,0.0,5.0,0.0,1.0,5.0,0.0,3.0,1.0,0.0,0.0,1.0,0.0,1.0,1.0,1.0,8.0,2.0,6.0,0.0,6.0,2.0,2.0,1.0,2.0,10.0,0.0,1.0,21.0,3.0,0.0,0.0,2.0,1.0,4.0,0.0,19.0,1.0,1.0,2.0,6.0,0.0,5.0,3.0,1.0,3.0,2.0,2.0,2.0,1.0,0.0,1.0,1.0,0.0,1.0,0.0,4.0,1.0,1.0,1.0,1680.7148041922787
2014-03-01,0.0,1.0,13.0,2.0,1.0,0.0,1.0,0.0,0.0,7.0,3.0,1.0,0.0,4.0,3.0,0.0,26.0,1.0,6.0,1.0,1.0,1.0,0.0,1.0,9.0,3.0,2.0,1.0,1.0,0.0,5.0,0.0,1.0,5.0,0.0,3.0,1.0,0.0,0.0,1.0,0.0,1.0,1.0,1.0,8.0,2.0,6.0,0.0,6.0,2.0,2.0,1.0,2.0,10.0,0.0,1.0,21.0,3.0,0.0,0.0,2.0,1.0,4.0,0.0,19.0,1.0,1.0,2.0,7.0,0.0,5.0,3.0,1.0,3.0,2.0,2.0,2.0,1.0,0.0,1.0,1.0,0.0,1.0,0.0,4.0,1.0,1.0,2.0,1599.621843353823
2014-04-01,0.0,1.0,14.0,2.0,1.0,0.0,1.0,0.0,0.0,7.0,3.0,1.0,0.0,4.0,3.0,0.0,26.0,1.0,6.0,1.0,1.0,1.0,0.0,1.0,9.0,3.0,2.0,1.0,1.0,0.0,5.0,0.0,1.0,5.0,0.0,3.0,1.0,0.0,0.0,1.0,0.0,1.0,1.0,1.0,9.0,2.0,6.0,0.0,6.0,2.0,2.0,1.0,2.0,10.0,0.0,1.0,21.0,3.0,0.0,0.0,2.0,1.0,4.0,0.0,19.0,1.0,1.0,2.0,7.0,0.0,5.0,3.0,1.0,4.0,2.0,2.0,2.0,1.0,0.0,1.0,1.0,0.0,1.0,0.0,4.0,1.0,1.0,2.0,1576.452425971407
2014-05-01,0.0,1.0,14.0,2.0,1.0,0.0,1.0,0.0,0.0,7.0,3.0,1.0,0.0,4.0,3.0,0.0,27.0,1.0,6.0,1.0,1.0,1.0,0.0,1.0,9.0,3.0,2.0,1.0,1.0,0.0,5.0,0.0,1.0,5.0,0.0,3.0,1.0,0.0,0.0,1.0,0.0,1.0,1.0,1.0,9.0,2.0,6.0,0.0,6.0,2.0,2.0,1.0,2.0,10.0,0.0,1.0,21.0,3.0,0.0,0.0,2.0,1.0,4.0,0.0,19.0,1.0,1.0,2.0,7.0,0.0,5.0,3.0,1.0,4.0,2.0,2.0,2.0,1.0,0.0,1.0,1.0,0.0,1.0,0.0,4.0,1.0,1.0,2.0,1735.5317459305202
2014-06-01,0.0,1.0,14.0,2.0,1.0,0.0,1.0,0.0,0.0,8.0,3.0,1.0,0.0,4.0,3.0,0.0,27.0,1.0,6.0,1.0,1.0,1.0,0.0,1.0,9.0,3.0,2.0,1.0,1.0,0.0,6.0,0.0,1.0,5.0,0.0,3.0,1.0,0.0,0.0,1.0,0.0,1.0,1.0,1.0,9.0,2.0,6.0,0.0,6.0,2.0,2.0,1.0,2.0,10.0,0.0,1.0,21.0,3.0,0.0,0.0,2.0,1.0,4.0,0.0,20.0,1.0,1.0,2.0,7.0,0.0,5.0,3.0,1.0,4.0,2.0,2.0,2.0,1.0,0.0,1.0,1.0,0.0,1.0,0.0,4.0,1.0,1.0,2.0,1719.0515759202985
2014-07-01,0.0,1.0,14.0,2.0,1.0,0.0,1.0,0.0,0.0,8.0,3.0,1.0,0.0,4.0,3.0,0.0,28.0,1.0,6.0,1.0,1.0,1.0,0.0,1.0,9.0,3.0,2.0,1.0,1.0,0.0,6.0,0.0,1.0,5.0,0.0,3.0,1.0,0.0,0.0,1.0,0.0,1.0,1.0,1.0,9.0,2.0,6.0,0.0,6.0,2.0,2.0,1.0,2.0,10.0,0.0,1.0,21.0,3.0,0.0,0.0,2.0,1.0,4.0,0.0,20.0,1.0,1.0,2.0,7.0,0.0,5.0,3.0,1.0,4.0,2.0,2.0,2.0,1.0,0.0,1.0,1.0,0.0,1.0,0.0,4.0,1.0,1.0,2.0,1779.3992941616136
2014-08-01,0.0,1.0,14.0,2.0,1.0,0.0,1.0,0.0,0.0,8.0,3.0,1.0,0.0,4.0,3.0,0.0,28.0,1.0,6.0,1.0,1.0,1.0,0.0,1.0,9.0,3.0,2.0,1.0,1.0,0.0,6.0,0.0,1.0,5.0,0.0,3.0,1.0,0.0,0.0,1.0,0.0,1.0,1.0,1.0,9.0,2.0,6.0,0.0,7.0,2.0,2.0,1.0,2.0,10.0,0.0,1.0,21.0,3.0,0.0,0.0,2.0,1.0,4.0,0.0,20.0,1.0,1.0,2.0,7.0,0.0,5.0,3.0,1.0,4.0,2.0,2.0,2.0,1.0,0.0,1.0,1.0,0.0,1.0,0.0,4.0,1.0,1.0,2.0,1784.9771824131503
2014-09-01,0.0,1.0,14.0,3.0,1.0,0.0,1.0,0.0,0.0,8.0,3.0,1.0,0.0,4.0,3.0,0.0,28.0,1.0,7.0,1.0,1.0,1.0,0.0,1.0,9.0,4.0,2.0,1.0,1.0,0.0,6.0,0.0,1.0,5.0,0.0,3.0,1.0,0.0,0.0,1.0,0.0,2.0,1.0,1.0,9.0,2.0,6.0,0.0,7.0,2.0,2.0,1.0,2.0,10.0,0.0,1.0,21.0,3.0,0.0,0.0,2.0,1.0,4.0,0.0,20.0,1.0,1.0,2.0,7.0,0.0,5.0,3.0,1.0,4.0,2.0,2.0,2.0,1.0,0.0,1.0,1.0,0.0,1.0,0.0,4.0,1.0,1.0,2.0,1784.9771824131503
2014-10-01,0.0,1.0,14.0,3.0,1.0,0.0,1.0,0.0,0.0,8.0,3.0,1.0,0.0,4.0,3.0,0.0,29.0,1.0,7.0,1.0,1.0,1.0,0.0,1.0,9.0,4.0,2.0,1.0,1.0,0.0,6.0,0.0,1.0,5.0,0.0,3.0,1.0,0.0,0.0,1.0,0.0,2.0,1.0,1.0,9.0,3.0,6.0,0.0,7.0,2.0,2.0,1.0,2.0,10.0,0.0,1.0,21.0,3.0,0.0,0.0,2.0,1.0,4.0,0.0,20.0,1.0,1.0,2.0,7.0,0.0,5.0,3.0,1.0,4.0,2.0,2.0,3.0,1.0,0.0,1.0,1.0,1.0,1.0,0.0,4.0,1.0,1.0,2.0,1799.0211533783827
2014-11-01,0.0,1.0,14.0,3.0,1.0,0.0,2.0,0.0,0.0,8.0,3.0,1.0,1.0,4.0,3.0,0.0,29.0,1.0,7.0,1.0,1.0,1.0,0.0,1.0,10.0,4.0,2.0,1.0,1.0,0.0,6.0,0.0,1.0,5.0,0.0,3.0,1.0,0.0,0.0,1.0,0.0,2.0,1.0,1.0,9.0,3.0,6.0,0.0,7.0,2.0,2.0,1.0,2.0,10.0,0.0,1.0,22.0,3.0,0.0,0.0,2.0,1.0,4.0,0.0,20.0,1.0,1.0,2.0,7.0,0.0,5.0,3.0,1.0,4.0,2.0,2.0,3.0,1.0,0.0,1.0,1.0,1.0,1.0,0.0,4.0,1.0,1.0,2.0,1767.6001193763384
2014-12-01,0.0,1.0,14.0,3.0,1.0,0.0,2.0,0.0,0.0,8.0,3.0,1.0,1.0,4.0,3.0,0.0,29.0,1.0,7.0,1.0,1.0,1.0,0.0,1.0,10.0,4.0,2.0,1.0,1.0,0.0,6.0,0.0,1.0,5.0,0.0,3.0,1.0,0.0,0.0,1.0,0.0,2.0,1.0,1.0,9.0,3.0,6.0,0.0,7.0,2.0,2.0,1.0,2.0,10.0,0.0,1.0,22.0,3.0,0.0,0.0,2.0,1.0,4.0,0.0,20.0,1.0,1.0,2.0,7.0,1.0,5.0,3.0,1.0,4.0,2.0,2.0,3.0,1.0,0.0,1.0,1.0,1.0,3.0,0.0,4.0,1.0,1.0,2.0,1770.646599795566
2015-01-01,0.0,1.0,14.0,4.0,1.0,0.0,2.0,0.0,0.0,8.0,3.0,1.0,1.0,4.0,3.0,0.0,30.0,1.0,7.0,1.0,1.0,1.0,0.0,1.0,10.0,4.0,2.0,1.0,1.0,0.0,6.0,0.0,1.0,5.0,0.0,3.0,1.0,0.0,0.0,1.0,0.0,3.0,1.0,1.0,9.0,3.0,6.0,0.0,7.0,2.0,2.0,1.0,2.0,10.0,0.0,1.0,22.0,3.0,0.0,0.0,2.0,1.0,4.0,0.0,20.0,1.0,1.0,2.0,7.0,1.0,6.0,3.0,1.0,4.0,2.0,2.0,3.0,1.0,0.0,1.0,1.0,1.0,3.0,0.0,4.0,1.0,1.0,2.0,1784.9771824131503
2015-02-01,0.0,1.0,15.0,4.0,1.0,0.0,2.0,0.0,0.0,8.0,4.0,1.0,1.0,4.0,3.0,0.0,30.0,1.0,7.0,2.0,1.0,1.0,0.0,1.0,10.0,4.0,2.0,1.0,1.0,0.0,6.0,0.0,1.0,5.0,0.0,3.0,1.0,0.0,0.0,1.0,0.0,3.0,1.0,1.0,9.0,3.0,6.0,0.0,7.0,2.0,2.0,1.0,2.0,10.0,0.0,1.0,24.0,3.0,0.0,0.0,2.0,1.0,4.0,0.0,21.0,1.0,1.0,2.0,7.0,1.0,6.0,3.0,1.0,4.0,2.0,2.0,3.0,1.0,0.0,1.0,1.0,1.0,3.0,0.0,4.0,1.0,1.0,2.0,1784.9771824131503
2015-03-01,,,,,,,,,,,,,,,,,,,,,,,,,,,,,,,,,,,,,,,,,,,,,,,,,,,,,,,,,,,,,,,,,,,,,,,,,,,,,,,,,,,,,,,,,1761.8077650307343
2015-04-01,0.0,1.0,15.0,4.0,1.0,0.0,2.0,0.0,0.0,8.0,4.0,1.0,1.0,4.0,3.0,0.0,30.0,1.0,9.0,2.0,1.0,1.0,0.0,1.0,10.0,5.0,2.0,1.0,1.0,0.0,6.0,0.0,1.0,5.0,0.0,3.0,1.0,0.0,0.0,1.0,1.0,3.0,1.0,1.0,9.0,4.0,6.0,0.0,7.0,2.0,2.0,1.0,2.0,10.0,0.0,1.0,24.0,3.0,0.0,0.0,2.0,1.0,4.0,0.0,22.0,1.0,1.0,2.0,7.0,1.0,6.0,3.0,1.0,4.0,2.0,2.0,3.0,1.0,0.0,1.0,1.0,1.0,3.0,0.0,4.0,1.0,1.0,2.0,1761.8077650307343
2015-05-01,0.0,1.0,16.0,4.0,1.0,0.0,2.0,0.0,0.0,8.0,5.0,1.0,1.0,4.0,3.0,0.0,30.0,1.0,10.0,2.0,1.0,1.0,0.0,1.0,10.0,5.0,2.0,1.0,1.0,0.0,6.0,0.0,1.0,5.0,0.0,4.0,1.0,0.0,0.0,1.0,1.0,3.0,1.0,1.0,9.0,4.0,6.0,0.0,7.0,2.0,2.0,1.0,2.0,10.0,0.0,1.0,24.0,3.0,0.0,0.0,2.0,1.0,4.0,0.0,22.0,1.0,1.0,2.0,7.0,1.0,6.0,3.0,1.0,4.0,2.0,2.0,3.0,1.0,0.0,1.0,1.0,1.0,3.0,0.0,4.0,1.0,1.0,2.0,1790.7695367587544
2015-06-01,0.0,1.0,17.0,4.0,1.0,0.0,2.0,0.0,0.0,8.0,5.0,1.0,1.0,4.0,3.0,0.0,30.0,1.0,11.0,2.0,1.0,1.0,0.0,1.0,10.0,5.0,2.0,1.0,1.0,0.0,6.0,0.0,1.0,5.0,0.0,4.0,1.0,0.0,0.0,1.0,1.0,3.0,1.0,1.0,10.0,4.0,6.0,0.0,7.0,2.0,2.0,1.0,2.0,11.0,0.0,1.0,25.0,3.0,0.0,1.0,2.0,1.0,4.0,0.0,23.0,1.0,1.0,2.0,7.0,1.0,6.0,3.0,1.0,4.0,2.0,2.0,3.0,1.0,0.0,1.0,1.0,1.0,3.0,0.0,4.0,1.0,1.0,2.0,1820.0871098262312
2015-07-01,0.0,1.0,17.0,5.0,1.0,0.0,2.0,0.0,0.0,8.0,5.0,1.0,1.0,4.0,3.0,0.0,30.0,1.0,11.0,2.0,1.0,1.0,0.0,1.0,10.0,5.0,2.0,1.0,1.0,0.0,6.0,0.0,1.0,5.0,0.0,4.0,1.0,0.0,0.0,1.0,1.0,3.0,1.0,1.0,11.0,4.0,6.0,0.0,7.0,2.0,2.0,1.0,2.0,11.0,0.0,1.0,25.0,3.0,0.0,1.0,2.0,1.0,4.0,0.0,23.0,1.0,1.0,2.0,7.0,1.0,6.0,3.0,1.0,4.0,2.0,2.0,3.0,1.0,0.0,1.0,1.0,1.0,3.0,0.0,4.0,1.0,1.0,2.0,1820.8036389571105
2015-08-01,0.0,1.0,17.0,5.0,1.0,0.0,2.0,0.0,0.0,8.0,6.0,1.0,1.0,4.0,3.0,0.0,30.0,1.0,11.0,2.0,1.0,1.0,0.0,1.0,10.0,5.0,2.0,1.0,1.0,0.0,6.0,0.0,1.0,5.0,0.0,4.0,1.0,0.0,0.0,1.0,1.0,3.0,1.0,1.0,11.0,4.0,6.0,0.0,7.0,2.0,3.0,1.0,2.0,12.0,0.0,1.0,25.0,3.0,0.0,1.0,2.0,1.0,4.0,0.0,23.0,1.0,1.0,2.0,7.0,1.0,6.0,3.0,1.0,4.0,2.0,2.0,3.0,1.0,0.0,1.0,1.0,1.0,3.0,0.0,4.0,1.0,1.0,2.0,1784.9771824131503
2015-09-01,0.0,1.0,17.0,5.0,1.0,0.0,2.0,0.0,0.0,8.0,6.0,1.0,1.0,4.0,3.0,0.0,30.0,1.0,12.0,2.0,1.0,1.0,0.0,1.0,10.0,5.0,2.0,1.0,1.0,0.0,6.0,0.0,1.0,5.0,0.0,4.0,1.0,0.0,0.0,1.0,1.0,3.0,1.0,1.0,11.0,4.0,6.0,0.0,7.0,2.0,3.0,1.0,2.0,12.0,0.0,1.0,25.0,3.0,0.0,1.0,2.0,1.0,4.0,0.0,23.0,1.0,1.0,2.0,7.0,1.0,6.0,3.0,1.0,4.0,2.0,2.0,3.0,1.0,0.0,1.0,1.0,1.0,4.0,0.0,4.0,1.0,1.0,2.0,1768.9730563395265
2015-10-01,0.0,1.0,17.0,5.0,1.0,0.0,2.0,0.0,0.0,8.0,7.0,1.0,1.0,4.0,3.0,0.0,31.0,1.0,12.0,2.0,1.0,1.0,0.0,1.0,10.0,5.0,2.0,1.0,1.0,0.0,6.0,0.0,1.0,5.0,1.0,4.0,1.0,0.0,0.0,1.0,1.0,3.0,1.0,1.0,11.0,4.0,6.0,0.0,7.0,2.0,3.0,1.0,2.0,12.0,0.0,1.0,25.0,3.0,0.0,1.0,2.0,1.0,4.0,0.0,23.0,1.0,1.0,2.0,7.0,1.0,6.0,3.0,1.0,4.0,2.0,2.0,3.0,1.0,0.0,1.0,1.0,1.0,4.0,0.0,4.0,1.0,1.0,2.0,1827.9689302659026
2015-11-01,0.0,1.0,17.0,5.0,1.0,0.0,2.0,0.0,0.0,8.0,8.0,1.0,1.0,4.0,3.0,0.0,31.0,1.0,12.0,2.0,2.0,1.0,0.0,1.0,10.0,6.0,2.0,1.0,1.0,0.0,6.0,0.0,1.0,5.0,1.0,4.0,1.0,0.0,0.0,1.0,1.0,3.0,1.0,1.0,11.0,4.0,6.0,0.0,7.0,2.0,3.0,1.0,2.0,12.0,0.0,1.0,25.0,3.0,0.0,1.0,2.0,1.0,4.0,0.0,23.0,1.0,1.0,2.0,7.0,2.0,6.0,3.0,1.0,4.0,2.0,2.0,3.0,1.0,0.0,1.0,1.0,1.0,4.0,0.0,4.0,1.0,1.0,2.0,1812.20528938656
2015-12-01,0.0,1.0,18.0,5.0,1.0,0.0,2.0,0.0,0.0,8.0,8.0,1.0,1.0,4.0,3.0,0.0,31.0,1.0,12.0,2.0,2.0,1.0,0.0,1.0,10.0,6.0,2.0,1.0,1.0,0.0,6.0,0.0,1.0,5.0,1.0,4.0,1.0,0.0,0.0,1.0,1.0,3.0,1.0,1.0,11.0,4.0,6.0,0.0,7.0,2.0,3.0,1.0,2.0,12.0,0.0,1.0,25.0,3.0,0.0,1.0,2.0,1.0,4.0,0.0,23.0,1.0,1.0,2.0,7.0,2.0,6.0,3.0,1.0,4.0,2.0,2.0,3.0,1.0,0.0,1.0,1.0,1.0,4.0,0.0,5.0,1.0,1.0,2.0,1816.3842215746945
2016-01-01,0.0,1.0,18.0,5.0,1.0,0.0,2.0,0.0,0.0,8.0,8.0,1.0,1.0,4.0,3.0,0.0,31.0,1.0,12.0,2.0,2.0,1.0,0.0,1.0,10.0,6.0,2.0,1.0,1.0,0.0,6.0,0.0,1.0,5.0,1.0,4.0,1.0,0.0,0.0,1.0,1.0,3.0,1.0,1.0,11.0,4.0,6.0,0.0,7.0,2.0,3.0,1.0,2.0,12.0,0.0,1.0,25.0,3.0,0.0,1.0,2.0,1.0,4.0,0.0,23.0,1.0,1.0,2.0,7.0,2.0,6.0,3.0,1.0,4.0,2.0,2.0,3.0,1.0,0.0,1.0,1.0,1.0,5.0,1.0,6.0,1.0,1.0,2.0,1798.4940565317497
2016-02-01,0.0,1.0,18.0,5.0,1.0,0.0,2.0,0.0,0.0,8.0,8.0,1.0,1.0,4.0,3.0,0.0,31.0,1.0,12.0,2.0,2.0,1.0,0.0,1.0,12.0,6.0,2.0,1.0,1.0,0.0,6.0,0.0,1.0,5.0,1.0,4.0,1.0,0.0,0.0,1.0,1.0,3.0,1.0,1.0,11.0,4.0,6.0,0.0,7.0,2.0,3.0,1.0,2.0,12.0,0.0,1.0,25.0,3.0,0.0,1.0,2.0,1.0,4.0,0.0,23.0,1.0,1.0,2.0,7.0,2.0,6.0,3.0,1.0,4.0,2.0,2.0,4.0,1.0,0.0,1.0,1.0,1.0,5.0,1.0,6.0,1.0,1.0,2.0,1765.3904106851305
2016-03-01,0.0,1.0,18.0,5.0,1.0,0.0,2.0,0.0,0.0,8.0,8.0,1.0,1.0,4.0,4.0,0.0,31.0,1.0,12.0,2.0,2.0,1.0,0.0,1.0,13.0,8.0,2.0,1.0,1.0,0.0,6.0,0.0,1.0,5.0,1.0,4.0,1.0,0.0,0.0,1.0,1.0,3.0,1.0,1.0,11.0,4.0,6.0,0.0,7.0,2.0,3.0,1.0,2.0,12.0,0.0,1.0,25.0,3.0,0.0,1.0,2.0,1.0,6.0,0.0,23.0,1.0,1.0,2.0,7.0,2.0,6.0,3.0,1.0,4.0,2.0,2.0,4.0,1.0,0.0,1.0,1.0,1.0,5.0,1.0,6.0,1.0,1.0,2.0,1827.9689302659026
2016-04-01,0.0,1.0,18.0,5.0,1.0,0.0,2.0,0.0,0.0,9.0,8.0,1.0,1.0,4.0,4.0,0.0,31.0,1.0,12.0,2.0,2.0,1.0,0.0,1.0,15.0,8.0,2.0,1.0,1.0,0.0,6.0,0.0,1.0,5.0,1.0,4.0,1.0,0.0,0.0,1.0,1.0,3.0,1.0,1.0,11.0,4.0,6.0,0.0,7.0,2.0,3.0,1.0,2.0,12.0,0.0,1.0,25.0,3.0,0.0,1.0,2.0,1.0,8.0,0.0,23.0,1.0,1.0,2.0,7.0,2.0,6.0,3.0,1.0,4.0,3.0,2.0,4.0,1.0,0.0,1.0,1.0,2.0,5.0,1.0,6.0,1.0,1.0,2.0,1799.3077650307343
2016-05-01,0.0,1.0,19.0,5.0,1.0,0.0,2.0,0.0,0.0,9.0,8.0,1.0,1.0,4.0,4.0,0.0,31.0,1.0,12.0,2.0,2.0,1.0,0.0,1.0,15.0,8.0,2.0,1.0,1.0,0.0,7.0,0.0,1.0,5.0,1.0,4.0,1.0,0.0,0.0,1.0,1.0,3.0,1.0,1.0,11.0,5.0,6.0,0.0,7.0,2.0,3.0,1.0,2.0,12.0,0.0,1.0,25.0,3.0,0.0,1.0,2.0,1.0,8.0,0.0,23.0,1.0,1.0,2.0,7.0,2.0,6.0,3.0,1.0,4.0,3.0,2.0,4.0,1.0,0.0,1.0,1.0,2.0,5.0,1.0,6.0,1.0,1.0,2.0,1784.9771824131503
2016-06-01,0.0,1.0,19.0,5.0,1.0,0.0,2.0,0.0,0.0,9.0,8.0,1.0,1.0,4.0,5.0,0.0,31.0,1.0,12.0,2.0,2.0,1.0,0.0,1.0,15.0,8.0,2.0,1.0,1.0,0.0,7.0,1.0,1.0,5.0,1.0,4.0,1.0,0.0,0.0,1.0,1.0,3.0,1.0,1.0,11.0,5.0,6.0,0.0,7.0,2.0,3.0,1.0,2.0,12.0,0.0,1.0,25.0,3.0,0.0,1.0,2.0,1.0,8.0,0.0,23.0,1.0,1.0,2.0,7.0,2.0,6.0,3.0,1.0,4.0,3.0,2.0,4.0,1.0,0.0,1.0,1.0,2.0,5.0,1.0,7.0,1.0,1.0,2.0,1784.9771824131503
2016-07-01,0.0,2.0,19.0,5.0,1.0,0.0,2.0,0.0,0.0,9.0,8.0,1.0,1.0,4.0,5.0,0.0,31.0,1.0,13.0,2.0,2.0,1.0,0.0,1.0,15.0,8.0,2.0,1.0,1.0,0.0,7.0,1.0,1.0,5.0,1.0,4.0,1.0,0.0,0.0,1.0,1.0,3.0,1.0,1.0,11.0,5.0,6.0,0.0,7.0,2.0,3.0,1.0,2.0,13.0,0.0,1.0,25.0,3.0,0.0,1.0,2.0,1.0,8.0,0.0,23.0,1.0,1.0,2.0,7.0,2.0,6.0,3.0,1.0,4.0,3.0,2.0,4.0,1.0,0.0,1.0,1.0,2.0,5.0,1.0,7.0,1.0,1.0,2.0,1784.9771824131503
2016-08-01,0.0,2.0,20.0,5.0,1.0,1.0,2.0,0.0,0.0,9.0,8.0,1.0,1.0,4.0,5.0,0.0,31.0,1.0,13.0,2.0,2.0,1.0,0.0,1.0,15.0,8.0,2.0,1.0,1.0,0.0,7.0,1.0,1.0,5.0,1.0,4.0,1.0,0.0,0.0,1.0,1.0,3.0,1.0,1.0,11.0,5.0,6.0,0.0,7.0,2.0,3.0,1.0,2.0,13.0,0.0,1.0,26.0,3.0,0.0,1.0,2.0,1.0,8.0,0.0,23.0,1.0,1.0,2.0,7.0,2.0,6.0,3.0,1.0,4.0,3.0,2.0,4.0,1.0,0.0,1.0,1.0,2.0,5.0,1.0,7.0,1.0,1.0,2.0,1815.1685852781825
2016-09-01,0.0,2.0,20.0,5.0,1.0,1.0,2.0,0.0,0.0,9.0,8.0,1.0,1.0,4.0,5.0,0.0,31.0,1.0,13.0,2.0,2.0,1.0,0.0,1.0,17.0,8.0,2.0,1.0,1.0,0.0,7.0,1.0,1.0,5.0,1.0,4.0,1.0,0.0,0.0,1.0,1.0,3.0,1.0,1.0,11.0,5.0,6.0,0.0,7.0,2.0,3.0,1.0,2.0,13.0,0.0,1.0,26.0,3.0,0.0,1.0,2.0,1.0,8.0,0.0,23.0,1.0,1.0,2.0,7.0,2.0,6.0,3.0,1.0,4.0,3.0,2.0,4.0,1.0,0.0,1.0,1.0,2.0,5.0,1.0,7.0,1.0,1.0,2.0,1808.146599795566
2016-10-01,0.0,2.0,20.0,5.0,1.0,1.0,2.0,0.0,0.0,9.0,8.0,1.0,1.0,4.0,5.0,0.0,31.0,1.0,13.0,2.0,2.0,1.0,0.0,1.0,18.0,8.0,2.0,1.0,1.0,0.0,7.0,1.0,1.0,5.0,1.0,4.0,1.0,0.0,0.0,1.0,1.0,3.0,1.0,1.0,11.0,5.0,6.0,0.0,7.0,2.0,3.0,1.0,2.0,13.0,0.0,1.0,26.0,3.0,0.0,1.0,2.0,1.0,8.0,1.0,23.0,1.0,1.0,2.0,7.0,2.0,6.0,3.0,1.0,4.0,3.0,2.0,4.0,1.0,0.0,1.0,1.0,2.0,5.0,1.0,7.0,1.0,1.0,2.0,1808.146599795566
2016-11-01,0.0,2.0,20.0,5.0,1.0,1.0,2.0,0.0,0.0,9.0,8.0,1.0,1.0,4.0,5.0,0.0,31.0,1.0,14.0,2.0,2.0,1.0,0.0,1.0,18.0,9.0,2.0,1.0,1.0,0.0,7.0,1.0,1.0,5.0,1.0,4.0,1.0,0.0,1.0,1.0,1.0,3.0,1.0,1.0,11.0,5.0,6.0,0.0,7.0,2.0,3.0,1.0,2.0,13.0,1.0,1.0,26.0,3.0,0.0,1.0,2.0,1.0,8.0,1.0,23.0,1.0,1.0,2.0,7.0,2.0,6.0,3.0,1.0,4.0,3.0,2.0,4.0,1.0,0.0,1.0,1.0,2.0,5.0,1.0,7.0,1.0,1.0,2.0,1787.5566872843156
2016-12-01,0.0,2.0,20.0,5.0,1.0,1.0,2.0,0.0,0.0,9.0,9.0,1.0,1.0,4.0,6.0,0.0,31.0,2.0,15.0,2.0,2.0,1.0,0.0,1.0,19.0,9.0,2.0,1.0,1.0,0.0,7.0,1.0,1.0,5.0,1.0,4.0,1.0,0.0,1.0,1.0,1.0,3.0,1.0,1.0,12.0,5.0,7.0,0.0,7.0,2.0,3.0,1.0,2.0,13.0,1.0,1.0,26.0,3.0,0.0,1.0,2.0,1.0,8.0,1.0,23.0,1.0,1.0,2.0,7.0,2.0,6.0,3.0,1.0,4.0,3.0,2.0,4.0,1.0,0.0,1.0,1.0,2.0,5.0,1.0,7.0,1.0,1.0,2.0,1796.5618911043582
2017-01-01,0.0,2.0,20.0,5.0,1.0,1.0,2.0,0.0,0.0,9.0,9.0,1.0,1.0,4.0,6.0,0.0,31.0,2.0,15.0,2.0,2.0,1.0,0.0,1.0,19.0,9.0,2.0,1.0,2.0,0.0,7.0,1.0,1.0,5.0,1.0,4.0,1.0,0.0,1.0,1.0,1.0,3.0,1.0,1.0,12.0,5.0,7.0,0.0,7.0,2.0,3.0,1.0,2.0,13.0,1.0,1.0,26.0,3.0,0.0,1.0,2.0,1.0,8.0,1.0,23.0,1.0,1.0,2.0,7.0,2.0,6.0,3.0,1.0,4.0,3.0,2.0,4.0,1.0,0.0,1.0,1.0,2.0,5.0,1.0,7.0,1.0,1.0,2.0,1784.9771824131503
2017-02-01,0.0,2.0,20.0,5.0,1.0,1.0,2.0,1.0,0.0,9.0,9.0,1.0,1.0,4.0,6.0,0.0,31.0,2.0,16.0,2.0,2.0,1.0,0.0,1.0,20.0,9.0,2.0,1.0,2.0,0.0,7.0,1.0,1.0,5.0,1.0,4.0,1.0,0.0,1.0,1.0,1.0,3.0,1.0,1.0,12.0,5.0,7.0,0.0,7.0,2.0,3.0,1.0,2.0,13.0,1.0,1.0,26.0,3.0,0.0,1.0,2.0,1.0,8.0,1.0,23.0,1.0,1.0,2.0,7.0,2.0,6.0,3.0,1.0,4.0,3.0,2.0,4.0,1.0,0.0,1.0,1.0,2.0,6.0,1.0,7.0,1.0,1.0,2.0,1834.7734937832724
2017-03-01,0.0,2.0,20.0,5.0,1.0,1.0,2.0,1.0,0.0,9.0,9.0,1.0,1.0,5.0,6.0,0.0,31.0,2.0,16.0,2.0,2.0,1.0,0.0,1.0,20.0,9.0,2.0,1.0,2.0,0.0,7.0,1.0,1.0,5.0,1.0,4.0,1.0,0.0,1.0,1.0,1.0,3.0,1.0,1.0,12.0,6.0,7.0,0.0,7.0,2.0,3.0,1.0,2.0,13.0,1.0,1.0,27.0,3.0,0.0,1.0,2.0,1.0,8.0,1.0,24.0,1.0,1.0,2.0,7.0,2.0,6.0,3.0,1.0,4.0,3.0,2.0,4.0,1.0,0.0,1.0,1.0,2.0,6.0,1.0,7.0,1.0,1.0,2.0,1794.5276198568963
2017-04-01,0.0,2.0,20.0,5.0,1.0,1.0,2.0,1.0,0.0,9.0,9.0,1.0,1.0,5.0,6.0,1.0,31.0,2.0,16.0,2.0,2.0,1.0,0.0,1.0,20.0,9.0,2.0,1.0,2.0,0.0,7.0,1.0,1.0,5.0,1.0,4.0,1.0,0.0,1.0,1.0,1.0,3.0,1.0,1.0,12.0,6.0,7.0,0.0,7.0,2.0,3.0,1.0,2.0,13.0,1.0,1.0,27.0,3.0,0.0,1.0,2.0,1.0,9.0,1.0,25.0,1.0,1.0,2.0,7.0,2.0,6.0,3.0,1.0,4.0,3.0,2.0,4.0,1.0,0.0,1.0,1.0,2.0,6.0,1.0,7.0,1.0,1.0,2.0,1794.5276198568963
2017-05-01,0.0,2.0,20.0,5.0,1.0,1.0,2.0,1.0,0.0,9.0,10.0,1.0,1.0,5.0,6.0,1.0,31.0,2.0,16.0,2.0,2.0,1.0,1.0,1.0,20.0,9.0,2.0,1.0,2.0,0.0,7.0,1.0,1.0,5.0,1.0,4.0,1.0,0.0,1.0,1.0,1.0,3.0,1.0,1.0,12.0,6.0,7.0,0.0,7.0,2.0,3.0,1.0,2.0,13.0,1.0,1.0,27.0,3.0,0.0,1.0,2.0,1.0,9.0,1.0,25.0,1.0,1.0,2.0,7.0,2.0,6.0,3.0,2.0,4.0,3.0,2.0,4.0,1.0,0.0,1.0,1.0,2.0,6.0,1.0,7.0,1.0,1.0,2.0,1788.0788576789835
2017-06-01,0.0,3.0,20.0,5.0,1.0,1.0,2.0,1.0,0.0,9.0,10.0,1.0,1.0,5.0,6.0,1.0,32.0,2.0,16.0,2.0,2.0,1.0,1.0,1.0,20.0,9.0,2.0,1.0,2.0,0.0,7.0,1.0,1.0,5.0,1.0,4.0,1.0,0.0,1.0,1.0,1.0,3.0,1.0,1.0,12.0,6.0,7.0,0.0,7.0,2.0,3.0,1.0,2.0,13.0,1.0,1.0,27.0,3.0,0.0,1.0,2.0,1.0,9.0,1.0,25.0,1.0,1.0,2.0,7.0,2.0,6.0,3.0,2.0,5.0,3.0,2.0,4.0,1.0,0.0,1.0,1.0,2.0,6.0,1.0,7.0,1.0,1.0,2.0,1849.4648041922787
2017-07-01,0.0,3.0,20.0,5.0,1.0,2.0,2.0,1.0,0.0,9.0,10.0,1.0,1.0,5.0,6.0,1.0,32.0,2.0,16.0,2.0,2.0,1.0,1.0,1.0,21.0,9.0,2.0,1.0,2.0,0.0,7.0,1.0,1.0,5.0,1.0,4.0,1.0,0.0,1.0,1.0,1.0,3.0,1.0,1.0,12.0,6.0,7.0,0.0,7.0,2.0,3.0,1.0,3.0,13.0,1.0,1.0,27.0,4.0,0.0,1.0,2.0,1.0,9.0,1.0,25.0,1.0,1.0,2.0,7.0,2.0,6.0,4.0,2.0,5.0,3.0,2.0,4.0,1.0,0.0,1.0,1.0,2.0,6.0,1.0,7.0,1.0,1.0,2.0,1870.2499841370538
2017-08-01,0.0,3.0,20.0,5.0,1.0,2.0,2.0,1.0,0.0,9.0,10.0,1.0,1.0,5.0,6.0,1.0,32.0,2.0,16.0,2.0,2.0,1.0,1.0,1.0,21.0,9.0,2.0,1.0,2.0,0.0,7.0,1.0,1.0,5.0,1.0,4.0,1.0,0.0,1.0,1.0,1.0,3.0,1.0,1.0,12.0,7.0,7.0,0.0,7.0,2.0,3.0,1.0,3.0,13.0,1.0,1.0,27.0,4.0,0.0,1.0,2.0,1.0,9.0,1.0,25.0,1.0,1.0,2.0,7.0,2.0,6.0,4.0,2.0,5.0,3.0,2.0,4.0,1.0,0.0,1.0,1.0,2.0,7.0,1.0,7.0,1.0,1.0,2.0,1853.0474498466747
2017-09-01,0.0,3.0,20.0,5.0,1.0,2.0,2.0,1.0,0.0,9.0,10.0,1.0,1.0,6.0,6.0,1.0,32.0,3.0,16.0,2.0,2.0,1.0,1.0,1.0,21.0,9.0,2.0,1.0,2.0,0.0,7.0,1.0,1.0,5.0,1.0,4.0,1.0,0.0,1.0,1.0,1.0,3.0,1.0,1.0,12.0,7.0,7.0,0.0,7.0,2.0,3.0,1.0,3.0,13.0,1.0,1.0,28.0,4.0,0.0,1.0,2.0,1.0,9.0,1.0,25.0,1.0,1.0,2.0,7.0,3.0,6.0,4.0,2.0,5.0,3.0,2.0,4.0,1.0,0.0,1.0,1.0,2.0,8.0,1.0,7.0,1.0,1.0,2.0,1804.7995128834866
2017-10-01,0.0,3.0,20.0,5.0,1.0,3.0,2.0,1.0,0.0,9.0,10.0,1.0,1.0,6.0,6.0,1.0,32.0,3.0,16.0,2.0,2.0,1.0,1.0,1.0,21.0,9.0,2.0,1.0,2.0,0.0,7.0,1.0,1.0,5.0,1.0,4.0,1.0,0.0,1.0,1.0,1.0,3.0,1.0,1.0,12.0,7.0,7.0,0.0,7.0,2.0,3.0,1.0,3.0,13.0,1.0,1.0,28.0,4.0,0.0,1.0,2.0,1.0,9.0,1.0,26.0,1.0,1.0,2.0,7.0,3.0,6.0,4.0,2.0,5.0,3.0,2.0,4.0,1.0,0.0,1.0,1.0,2.0,8.0,1.0,7.0,1.0,1.0,2.0,1811.2482750613995
2017-11-01,0.0,3.0,20.0,5.0,1.0,3.0,2.0,1.0,0.0,9.0,10.0,1.0,1.0,6.0,6.0,1.0,32.0,3.0,16.0,2.0,2.0,1.0,1.0,1.0,22.0,10.0,2.0,1.0,2.0,0.0,7.0,1.0,1.0,5.0,1.0,4.0,1.0,0.0,1.0,1.0,1.0,3.0,1.0,1.0,12.0,7.0,7.0,0.0,7.0,2.0,4.0,1.0,3.0,13.0,1.0,1.0,28.0,4.0,0.0,1.0,2.0,1.0,9.0,1.0,26.0,1.0,1.0,2.0,7.0,3.0,6.0,4.0,2.0,5.0,3.0,2.0,4.0,1.0,0.0,1.0,1.0,2.0,8.0,1.0,7.0,1.0,1.0,2.0,1816.5044641718353
2017-12-01,0.0,3.0,20.0,5.0,1.0,3.0,2.0,1.0,0.0,9.0,10.0,1.0,1.0,6.0,6.0,1.0,32.0,3.0,16.0,2.0,2.0,1.0,1.0,1.0,22.0,10.0,2.0,1.0,2.0,0.0,7.0,1.0,1.0,5.0,1.0,4.0,1.0,0.0,1.0,1.0,1.0,4.0,1.0,1.0,12.0,7.0,7.0,0.0,7.0,2.0,4.0,1.0,3.0,13.0,1.0,1.0,30.0,4.0,1.0,1.0,2.0,1.0,9.0,1.0,27.0,1.0,1.0,2.0,7.0,3.0,6.0,4.0,2.0,5.0,3.0,2.0,4.0,1.0,0.0,1.0,1.0,2.0,8.0,1.0,7.0,1.0,1.0,2.0,1827.9689302659026
2018-01-01,1.0,3.0,20.0,5.0,1.0,3.0,2.0,1.0,1.0,9.0,10.0,1.0,1.0,6.0,6.0,1.0,32.0,3.0,16.0,2.0,2.0,1.0,1.0,1.0,23.0,10.0,2.0,1.0,2.0,0.0,7.0,1.0,1.0,5.0,1.0,4.0,1.0,1.0,1.0,1.0,1.0,4.0,1.0,1.0,12.0,7.0,7.0,0.0,7.0,2.0,4.0,1.0,3.0,13.0,1.0,1.0,30.0,4.0,1.0,1.0,2.0,1.0,9.0,1.0,27.0,1.0,1.0,2.0,7.0,3.0,6.0,4.0,2.0,5.0,3.0,2.0,4.0,1.0,0.0,1.0,1.0,2.0,9.0,1.0,7.0,1.0,1.0,2.0,1774.2753719080324
2018-02-01,1.0,3.0,21.0,5.0,1.0,3.0,2.0,1.0,1.0,9.0,10.0,1.0,1.0,6.0,6.0,1.0,32.0,3.0,16.0,2.0,2.0,1.0,1.0,1.0,23.0,10.0,2.0,1.0,2.0,0.0,7.0,1.0,1.0,5.0,1.0,4.0,1.0,1.0,1.0,1.0,1.0,4.0,1.0,1.0,12.0,7.0,7.0,0.0,7.0,2.0,4.0,1.0,3.0,13.0,1.0,1.0,30.0,4.0,1.0,1.0,2.0,1.0,9.0,1.0,27.0,1.0,1.0,2.0,7.0,3.0,6.0,4.0,2.0,5.0,3.0,2.0,4.0,1.0,0.0,1.0,1.0,2.0,9.0,1.0,7.0,1.0,1.0,2.0,1817.817279836453
2018-03-01,1.0,3.0,21.0,5.0,1.0,3.0,2.0,1.0,1.0,9.0,10.0,1.0,1.0,6.0,6.0,1.0,33.0,3.0,16.0,2.0,2.0,1.0,1.0,1.0,23.0,10.0,2.0,1.0,2.0,0.0,7.0,1.0,1.0,5.0,1.0,4.0,1.0,1.0,1.0,1.0,1.0,4.0,1.0,1.0,12.0,7.0,7.0,0.0,8.0,2.0,4.0,1.0,3.0,13.0,1.0,1.0,30.0,4.0,1.0,1.0,2.0,1.0,9.0,1.0,27.0,1.0,1.0,2.0,7.0,3.0,6.0,4.0,2.0,5.0,3.0,2.0,4.0,1.0,0.0,1.0,1.0,2.0,9.0,1.0,7.0,1.0,1.0,2.0,1812.20528938656
2018-04-01,1.0,3.0,21.0,5.0,1.0,3.0,2.0,1.0,1.0,9.0,10.0,1.0,1.0,6.0,7.0,2.0,33.0,3.0,16.0,2.0,2.0,1.0,1.0,1.0,23.0,10.0,2.0,1.0,2.0,0.0,7.0,1.0,1.0,5.0,1.0,4.0,1.0,1.0,1.0,1.0,1.0,4.0,1.0,1.0,12.0,7.0,7.0,0.0,9.0,2.0,4.0,1.0,3.0,13.0,1.0,1.0,31.0,4.0,1.0,1.0,2.0,2.0,9.0,1.0,27.0,1.0,1.0,2.0,7.0,3.0,6.0,4.0,2.0,5.0,3.0,2.0,4.0,1.0,0.0,1.0,1.0,2.0,9.0,1.0,7.0,1.0,1.0,2.0,1782.5871098262312
2018-05-01,1.0,3.0,22.0,5.0,1.0,3.0,2.0,1.0,1.0,9.0,10.0,1.0,1.0,6.0,8.0,2.0,33.0,3.0,16.0,2.0,2.0,1.0,1.0,1.0,23.0,10.0,2.0,1.0,2.0,0.0,7.0,1.0,1.0,5.0,1.0,4.0,1.0,1.0,1.0,1.0,1.0,4.0,1.0,1.0,12.0,7.0,8.0,0.0,9.0,2.0,4.0,1.0,3.0,13.0,2.0,1.0,31.0,4.0,1.0,1.0,2.0,2.0,9.0,1.0,27.0,1.0,1.0,2.0,7.0,3.0,6.0,4.0,2.0,5.0,3.0,2.0,4.0,1.0,0.0,1.0,1.0,2.0,9.0,1.0,7.0,1.0,1.0,2.0,1827.9689302659026
2018-06-01,1.0,3.0,22.0,5.0,1.0,3.0,2.0,1.0,1.0,9.0,10.0,1.0,1.0,7.0,8.0,2.0,33.0,3.0,16.0,2.0,2.0,1.0,1.0,1.0,23.0,10.0,2.0,1.0,2.0,1.0,7.0,1.0,1.0,5.0,1.0,4.0,1.0,1.0,1.0,1.0,1.0,4.0,1.0,1.0,12.0,7.0,8.0,0.0,9.0,2.0,4.0,1.0,3.0,13.0,2.0,1.0,31.0,4.0,1.0,1.0,2.0,2.0,9.0,1.0,27.0,1.0,1.0,2.0,7.0,3.0,6.0,4.0,2.0,5.0,3.0,2.0,4.0,1.0,1.0,1.0,1.0,2.0,9.0,1.0,7.0,1.0,1.0,2.0,1817.997643732164
2018-07-01,1.0,3.0,22.0,5.0,1.0,3.0,2.0,1.0,1.0,9.0,10.0,1.0,1.0,7.0,8.0,2.0,33.0,3.0,16.0,2.0,2.0,1.0,1.0,1.0,23.0,10.0,2.0,1.0,2.0,1.0,7.0,1.0,1.0,5.0,1.0,4.0,1.0,1.0,1.0,1.0,1.0,4.0,1.0,1.0,12.0,7.0,8.0,0.0,9.0,2.0,4.0,1.0,3.0,13.0,2.0,1.0,32.0,4.0,1.0,1.0,2.0,2.0,9.0,1.0,27.0,1.0,1.0,2.0,7.0,3.0,6.0,4.0,2.0,5.0,3.0,2.0,4.0,1.0,1.0,1.0,1.0,2.0,9.0,1.0,7.0,1.0,1.0,2.0,1848.7482750613995
2018-08-01,1.0,3.0,23.0,5.0,1.0,3.0,3.0,1.0,1.0,10.0,10.0,1.0,1.0,7.0,8.0,2.0,33.0,3.0,16.0,2.0,2.0,1.0,1.0,1.0,23.0,10.0,2.0,1.0,2.0,1.0,7.0,1.0,1.0,5.0,1.0,4.0,1.0,1.0,1.0,1.0,1.0,4.0,1.0,1.0,12.0,7.0,8.0,0.0,9.0,2.0,4.0,1.0,3.0,13.0,2.0,1.0,33.0,4.0,1.0,1.0,2.0,2.0,9.0,1.0,27.0,1.0,1.0,2.0,7.0,3.0,6.0,5.0,2.0,5.0,3.0,2.0,4.0,1.0,1.0,1.0,1.0,2.0,9.0,1.0,7.0,1.0,1.0,2.0,1814.8309207157954
